<?xml version="1.0" encoding="UTF-8" standalone="no"?>
<LoganContent xmlns="http://www.oracle.com/DataCenter/LogAnalyticsStd" content_version="3.114.1.0.0" name="content_cisnetworking" oms_version="3.114.1.0.0">
   <Field oms_version="3.114.1.0.0">
      <DisplayName>Tags</DisplayName>
      <FieldType>1</FieldType>
      <IsSystem>0</IsSystem>
      <IsPrimary>1</IsPrimary>
      <DataType>STRING</DataType>
      <IsMetricKeyEligible>0</IsMetricKeyEligible>
      <IsMetricValueEligible>0</IsMetricValueEligible>
      <FacetEligible>1</FacetEligible>
      <RangeFacetEligible>0</RangeFacetEligible>
      <TableEligible>1</TableEligible>
      <FacetPriority>1</FacetPriority>
      <Summarizable>1</Summarizable>
      <HighCardinality>1</HighCardinality>
      <LargeData>0</LargeData>
      <MultiValued>0</MultiValued>
      <SMAEnabledSetting>0</SMAEnabledSetting>
   </Field>
   <Field oms_version="3.114.1.0.0">
      <DisplayName>Display Name</DisplayName>
      <FieldType>1</FieldType>
      <IsSystem>0</IsSystem>
      <IsPrimary>1</IsPrimary>
      <DataType>STRING</DataType>
      <IsMetricKeyEligible>0</IsMetricKeyEligible>
      <IsMetricValueEligible>0</IsMetricValueEligible>
      <FacetEligible>1</FacetEligible>
      <RangeFacetEligible>0</RangeFacetEligible>
      <TableEligible>1</TableEligible>
      <FacetPriority>1</FacetPriority>
      <Summarizable>1</Summarizable>
      <HighCardinality>1</HighCardinality>
      <LargeData>0</LargeData>
      <MultiValued>0</MultiValued>
      <SMAEnabledSetting>0</SMAEnabledSetting>
   </Field>
   <Field oms_version="3.114.1.0.0">
      <DisplayName>Date Created</DisplayName>
      <FieldType>1</FieldType>
      <IsSystem>0</IsSystem>
      <IsPrimary>1</IsPrimary>
      <DataType>TIMESTAMP</DataType>
      <IsMetricKeyEligible>0</IsMetricKeyEligible>
      <IsMetricValueEligible>0</IsMetricValueEligible>
      <FacetEligible>1</FacetEligible>
      <RangeFacetEligible>0</RangeFacetEligible>
      <TableEligible>1</TableEligible>
      <FacetPriority>1</FacetPriority>
      <Summarizable>1</Summarizable>
      <HighCardinality>1</HighCardinality>
      <LargeData>0</LargeData>
      <MultiValued>0</MultiValued>
      <SMAEnabledSetting>0</SMAEnabledSetting>
   </Field>
   <Field oms_version="3.114.1.0.0">
      <DisplayName>Multitags</DisplayName>
      <FieldType>1</FieldType>
      <IsSystem>0</IsSystem>
      <IsPrimary>1</IsPrimary>
      <DataType>STRING</DataType>
      <IsMetricKeyEligible>0</IsMetricKeyEligible>
      <IsMetricValueEligible>0</IsMetricValueEligible>
      <FacetEligible>1</FacetEligible>
      <RangeFacetEligible>0</RangeFacetEligible>
      <TableEligible>1</TableEligible>
      <FacetPriority>1</FacetPriority>
      <Summarizable>1</Summarizable>
      <HighCardinality>1</HighCardinality>
      <LargeData>0</LargeData>
      <MultiValued>1</MultiValued>
      <SMAEnabledSetting>0</SMAEnabledSetting>
   </Field>
   <Field oms_version="3.114.1.0.0">
      <DisplayName>VCN_ID</DisplayName>
      <FieldType>1</FieldType>
      <IsSystem>0</IsSystem>
      <IsPrimary>1</IsPrimary>
      <DataType>STRING</DataType>
      <IsMetricKeyEligible>0</IsMetricKeyEligible>
      <IsMetricValueEligible>0</IsMetricValueEligible>
      <FacetEligible>1</FacetEligible>
      <RangeFacetEligible>0</RangeFacetEligible>
      <TableEligible>1</TableEligible>
      <FacetPriority>1</FacetPriority>
      <Summarizable>1</Summarizable>
      <HighCardinality>1</HighCardinality>
      <LargeData>0</LargeData>
      <MultiValued>0</MultiValued>
      <SMAEnabledSetting>0</SMAEnabledSetting>
   </Field>
   <Field oms_version="3.114.1.0.0">
      <DisplayName>egress_rules</DisplayName>
      <FieldType>1</FieldType>
      <IsSystem>0</IsSystem>
      <IsPrimary>1</IsPrimary>
      <DataType>STRING</DataType>
      <IsMetricKeyEligible>0</IsMetricKeyEligible>
      <IsMetricValueEligible>0</IsMetricValueEligible>
      <FacetEligible>1</FacetEligible>
      <RangeFacetEligible>0</RangeFacetEligible>
      <TableEligible>1</TableEligible>
      <FacetPriority>1</FacetPriority>
      <Summarizable>1</Summarizable>
      <HighCardinality>1</HighCardinality>
      <LargeData>0</LargeData>
      <MultiValued>1</MultiValued>
      <SMAEnabledSetting>0</SMAEnabledSetting>
   </Field>
   <Field oms_version="3.114.1.0.0">
      <DisplayName>ingress_rules</DisplayName>
      <FieldType>1</FieldType>
      <IsSystem>0</IsSystem>
      <IsPrimary>1</IsPrimary>
      <DataType>STRING</DataType>
      <IsMetricKeyEligible>0</IsMetricKeyEligible>
      <IsMetricValueEligible>0</IsMetricValueEligible>
      <FacetEligible>1</FacetEligible>
      <RangeFacetEligible>0</RangeFacetEligible>
      <TableEligible>1</TableEligible>
      <FacetPriority>1</FacetPriority>
      <Summarizable>1</Summarizable>
      <HighCardinality>1</HighCardinality>
      <LargeData>0</LargeData>
      <MultiValued>0</MultiValued>
      <SMAEnabledSetting>0</SMAEnabledSetting>
   </Field>
   <Parser oms_version="3.114.1.0.0" tokenize_orig_text="1" type="4">
      <Name>cis_networking</Name>
      <DisplayName>cis_networking</DisplayName>
      <Description>cis networking</Description>
      <IsSingleLineContent>1</IsSingleLineContent>
      <HeaderContent>id,compartment_id,display_name,deep_link,lifecycle_state,time_created,vcn_id,region,freeform_tags,defined_tags,ingress_security_rules,egress_security_rules,extract_date</HeaderContent>
      <ExampleContent>ocid1.securitylist.oc1.eu-frankfurt-1.a,ocid1.compartment.oc1.,Default Security List for test,https://cloud.oracle.com/networking/vcns/ocid1.vcn.oc1.eu-frankfurt-1.am/security-lists/ocid1.securitylist.oc1.eu-frankfurtcfa?region=eu-frankfurt-1,AVAILABLE,2024-06-25T09:27:17,ocid1.vcn.oc1.eu-frankfurt-1.at,eu-frankfurt-1,{},"{'CCA_Basic_Tag': {'email': 'example.com'}, 'Oracle-Standard': {'CostCenter': 'X'}, 'Oracle_Tags': {'CreatedBy': 'le.com', 'CreatedOn': '2025-06-25T09:27:16.978Z'}}","[{'source': '0.0.0.0/0', 'icmp_options': None, 'is_stateless': False, 'protocol': '6', 'tcp_options': {'sourcePortRange': None, 'destinationPortRange': {'min': 22, 'max': 22}}, 'udp_options': None}, {'source': '0.0.0.0/0', 'icmp_options': {'code': 4, 'type': 3}, 'is_stateless': False, 'protocol': '1', 'tcp_options': None, 'udp_options': None}, {'source': '10.0.0.0/16', 'icmp_options': {'code': None, 'type': 3}, 'is_stateless': False, 'protocol': '1', 'tcp_options': None, 'udp_options': None}, {'source': '10.0.0.0/16', 'icmp_options': None, 'is_stateless': False, 'protocol': '6', 'tcp_options': {'sourcePortRange': None, 'destinationPortRange': {'min': 1521, 'max': 1521}}, 'udp_options': None}, {'source': '10.0.0.0/16', 'icmp_options': None, 'is_stateless': False, 'protocol': '6', 'tcp_options': {'sourcePortRange': None, 'destinationPortRange': {'min': 1522, 'max': 1522}}, 'udp_options': None}]","[{'destination': '0.0.0.0/0', 'icmp_options': None, 'is_stateless': False, 'protocol': 'all', 'tcp_options': None, 'udp_options': None}]",2024-06-26T12:28:57</ExampleContent>
      <IsSystem>0</IsSystem>
      <Encoding>UTF-8</Encoding>
      <Language>en_US</Language>
      <ParserFields>
         <ParserField>
            <FieldSeq>12</FieldSeq>
            <FieldName>udfsm3</FieldName>
         </ParserField>
         <ParserField>
            <FieldSeq>9</FieldSeq>
            <FieldName>udfs76</FieldName>
         </ParserField>
         <ParserField>
            <FieldSeq>13</FieldSeq>
            <FieldName>time</FieldName>
         </ParserField>
         <ParserField>
            <FieldSeq>8</FieldSeq>
            <FieldName>region</FieldName>
         </ParserField>
         <ParserField>
            <FieldSeq>1</FieldSeq>
            <FieldName>ident</FieldName>
         </ParserField>
         <ParserField>
            <FieldSeq>2</FieldSeq>
            <FieldName>compartmentid</FieldName>
         </ParserField>
         <ParserField>
            <FieldSeq>10</FieldSeq>
            <FieldName>udfsm2</FieldName>
         </ParserField>
         <ParserField>
            <FieldSeq>3</FieldSeq>
            <FieldName>udfs56</FieldName>
         </ParserField>
         <ParserField>
            <FieldSeq>11</FieldSeq>
            <FieldName>udfs127</FieldName>
         </ParserField>
         <ParserField>
            <FieldSeq>5</FieldSeq>
            <FieldName>statecurr</FieldName>
         </ParserField>
         <ParserField>
            <FieldSeq>6</FieldSeq>
            <FieldName>udfd3</FieldName>
         </ParserField>
         <ParserField>
            <FieldSeq>7</FieldSeq>
            <FieldName>udfs126</FieldName>
         </ParserField>
      </ParserFields>
      <WrittenOnce>0</WrittenOnce>
      <IsDefaultParser>1</IsDefaultParser>
      <FieldDelimiter>,</FieldDelimiter>
      <FieldQualifier>"</FieldQualifier>
   </Parser>
   <Source configWarningSettings="0" name="CISNetworking" oms_version="3.114.1.0.0">
      <SourceType>os_file</SourceType>
      <TargetTypes>
         <TargetType>omc_host_linux</TargetType>
      </TargetTypes>
      <DisplayName>CISNetworking</DisplayName>
      <IsSystem>0</IsSystem>
      <IsSecureContent>1</IsSecureContent>
      <DataFilterDefinitions>
         <DataFilterDefinition>
            <Name nlsid="dnamenlsid">drop link</Name>
            <Type>hash_mask</Type>
            <Description nlsid="descnlsid"/>
            <Order>1000</Order>
            <FieldIname>mbody</FieldIname>
            <MatchRegex>(https://\S*?),</MatchRegex>
            <HashType>STRING_HASH</HashType>
            <IsSystem>0</IsSystem>
            <IsEnabled>1</IsEnabled>
         </DataFilterDefinition>
      </DataFilterDefinitions>
      <Parsers>
         <Parser>
            <ParserSeq>1</ParserSeq>
            <ParserName>cis_networking</ParserName>
         </Parser>
      </Parsers>
      <IsHidden>0</IsHidden>
      <IsSMAEnabled>0</IsSMAEnabled>
   </Source>
   <FieldNameMaps>
      <FieldNameMap>
         <Name>udfs76</Name>
         <DisplayName>Tags</DisplayName>
      </FieldNameMap>
      <FieldNameMap>
         <Name>udfs56</Name>
         <DisplayName>Display Name</DisplayName>
      </FieldNameMap>
      <FieldNameMap>
         <Name>udfd3</Name>
         <DisplayName>Date Created</DisplayName>
      </FieldNameMap>
      <FieldNameMap>
         <Name>udfsm2</Name>
         <DisplayName>Multitags</DisplayName>
      </FieldNameMap>
      <FieldNameMap>
         <Name>udfs126</Name>
         <DisplayName>VCN_ID</DisplayName>
      </FieldNameMap>
      <FieldNameMap>
         <Name>udfsm3</Name>
         <DisplayName>egress_rules</DisplayName>
      </FieldNameMap>
      <FieldNameMap>
         <Name>udfs127</Name>
         <DisplayName>ingress_rules</DisplayName>
      </FieldNameMap>
   </FieldNameMaps>
</LoganContent>
