{
    "openapi": "3.0.0",
    "info": {
        "title": "20220101 Actions",
        "version": "1.0.0"
    },
    "servers": [
        {
            "url": "vb-catalog://backends/TTS"
        }
    ],
    "paths": {
        "/synthesizeSpeech": {
            "post": {
                "operationId": "postSynthesizeSpeech",
                "requestBody": {
                    "description": "Request for application/json",
                    "content": {
                        "application/json": {
                            "schema": {
                                "$ref": "#/components/schemas/PostSynthesizeSpeechRequest"
                            },
                            "examples": {
                                "vb": {
                                    "summary": "Example stored by VB User",
                                    "externalValue": "./examples/postSynthesizeSpeech/request_application_json_vb.json"
                                }
                            }
                        }
                    }
                },
                "responses": {
                    "default": {
                        "description": "Default response",
                        "content": {
                            "application/octet-stream": {
                                "examples": {
                                    "vb": {
                                        "externalValue": "./examples/postSynthesizeSpeech/response_default_application_octet-stream_vb.json"
                                    }
                                }
                            },
                            "audio/wav": {
                                "examples": {
                                    "vb": {
                                        "externalValue": "./examples/postSynthesizeSpeech/response_default_audio_wav_vb.json"
                                    }
                                }
                        },
                            "text/plain": {}
                        }
                    }
                },
                "x-vb": {
                    "actionHint": "getOne"
                }
            }
        }
    },
    "components": {
        "schemas": {
            "PostSynthesizeSpeechRequest": {
                "type": "object",
                "properties": {

                    "compartmentId": {
                        "type": "string"
                    },
                    "text": {
                        "type": "string"
                    },
                    "isStreamEnabled": {
                        "type": "boolean"
                    },
                    "configuration": {
                        "type": "object",
                        "properties": {
                            "modelFamily": {
                                "type": "string"
                            },
                            "modelDetails": {
                                "type": "object",
                                "properties": {
                                    "modelName": {
                                        "type": "string"
                                    },
                                    "voiceId": {
                                        "type": "string"
                                    }
                                }
                            },
                            "speechSettings": {
                                "type": "object",
                                "properties": {
                                    "textType": {
                                        "type": "string"
                                    },
                                    "sampleRateInHz": {
                                        "type": "integer"
                                    },
                                    "outputFormat": {
                                        "type": "string"
                                    }
                                }
                            }
                        }
                    }
                }
            }
        }
    }
}