<?xml version="1.0" encoding="UTF-8" standalone="no"?>
<LoganContent xmlns="http://www.oracle.com/DataCenter/LogAnalyticsStd" content_version="3.114.1.0.0" name="content_cisidentity" oms_version="3.114.1.0.0">
   <Field oms_version="3.114.1.0.0">
      <DisplayName>Display Name</DisplayName>
      <FieldType>1</FieldType>
      <IsSystem>0</IsSystem>
      <IsPrimary>1</IsPrimary>
      <DataType>STRING</DataType>
      <IsMetricKeyEligible>0</IsMetricKeyEligible>
      <IsMetricValueEligible>0</IsMetricValueEligible>
      <FacetEligible>1</FacetEligible>
      <RangeFacetEligible>0</RangeFacetEligible>
      <TableEligible>1</TableEligible>
      <FacetPriority>1</FacetPriority>
      <Summarizable>1</Summarizable>
      <HighCardinality>1</HighCardinality>
      <LargeData>0</LargeData>
      <MultiValued>0</MultiValued>
      <SMAEnabledSetting>0</SMAEnabledSetting>
   </Field>
   <Field oms_version="3.114.1.0.0">
      <DisplayName>Policy_statements</DisplayName>
      <FieldType>1</FieldType>
      <IsSystem>0</IsSystem>
      <IsPrimary>1</IsPrimary>
      <DataType>STRING</DataType>
      <IsMetricKeyEligible>0</IsMetricKeyEligible>
      <IsMetricValueEligible>0</IsMetricValueEligible>
      <FacetEligible>1</FacetEligible>
      <RangeFacetEligible>0</RangeFacetEligible>
      <TableEligible>1</TableEligible>
      <FacetPriority>1</FacetPriority>
      <Summarizable>1</Summarizable>
      <HighCardinality>1</HighCardinality>
      <LargeData>0</LargeData>
      <MultiValued>1</MultiValued>
      <SMAEnabledSetting>0</SMAEnabledSetting>
   </Field>
   <Parser oms_version="3.114.1.0.0" tokenize_orig_text="1" type="4">
      <Name>cis_identity</Name>
      <DisplayName>cis_identity</DisplayName>
      <IsSingleLineContent>1</IsSingleLineContent>
      <HeaderContent>id,name,deep_link,compartment_id,description,lifecycle_state,statements,extract_date</HeaderContent>
      <ExampleContent>ocid1.policy.oxx,group,"=HYPERLINK(""https://cloud.oracle.com/identity/polici"",""group"")",ocid1.tena,Policies,ACTIVE,"['allow group group to manage x-family in tenancy']",2000-07-15T11:05:34</ExampleContent>
      <IsSystem>0</IsSystem>
      <Encoding>UTF-8</Encoding>
      <Language>en_US</Language>
      <ParserFields>
         <ParserField>
            <FieldSeq>6</FieldSeq>
            <FieldName>statecurr</FieldName>
         </ParserField>
         <ParserField>
            <FieldSeq>4</FieldSeq>
            <FieldName>compartmentid</FieldName>
         </ParserField>
         <ParserField>
            <FieldSeq>7</FieldSeq>
            <FieldName>udfsm7</FieldName>
         </ParserField>
         <ParserField>
            <FieldSeq>1</FieldSeq>
            <FieldName>ident</FieldName>
         </ParserField>
         <ParserField>
            <FieldSeq>5</FieldSeq>
            <FieldName>desc</FieldName>
         </ParserField>
         <ParserField>
            <FieldSeq>8</FieldSeq>
            <FieldName>time</FieldName>
         </ParserField>
         <ParserField>
            <FieldSeq>2</FieldSeq>
            <FieldName>udfs56</FieldName>
         </ParserField>
      </ParserFields>
      <WrittenOnce>0</WrittenOnce>
      <IsDefaultParser>1</IsDefaultParser>
      <InUse>1</InUse>
      <FieldDelimiter>,</FieldDelimiter>
      <FieldQualifier>"</FieldQualifier>
   </Parser>
   <Source configWarningSettings="0" name="CISIdentity" oms_version="3.114.1.0.0">
      <SourceType>os_file</SourceType>
      <TargetTypes>
         <TargetType>omc_host_linux</TargetType>
      </TargetTypes>
      <DisplayName>CISIdentity</DisplayName>
      <IsSystem>0</IsSystem>
      <IsSecureContent>1</IsSecureContent>
      <Parsers>
         <Parser>
            <ParserSeq>1</ParserSeq>
            <ParserName>cis_identity</ParserName>
         </Parser>
      </Parsers>
      <IsHidden>0</IsHidden>
      <IsSMAEnabled>0</IsSMAEnabled>
   </Source>
   <FieldNameMaps>
      <FieldNameMap>
         <Name>udfs56</Name>
         <DisplayName>Display Name</DisplayName>
      </FieldNameMap>
      <FieldNameMap>
         <Name>udfsm7</Name>
         <DisplayName>Policy_statements</DisplayName>
      </FieldNameMap>
   </FieldNameMaps>
</LoganContent>
