<?xml version="1.0" encoding="UTF-8" standalone="no"?>
<LoganContent xmlns="http://www.oracle.com/DataCenter/LogAnalyticsStd" content_version="3.114.1.0.0" name="content_cisfilestore" oms_version="3.114.1.0.0">
   <Field oms_version="3.114.1.0.0">
      <DisplayName>Display Name</DisplayName>
      <FieldType>1</FieldType>
      <IsSystem>0</IsSystem>
      <IsPrimary>1</IsPrimary>
      <DataType>STRING</DataType>
      <IsMetricKeyEligible>0</IsMetricKeyEligible>
      <IsMetricValueEligible>0</IsMetricValueEligible>
      <FacetEligible>1</FacetEligible>
      <RangeFacetEligible>0</RangeFacetEligible>
      <TableEligible>1</TableEligible>
      <FacetPriority>1</FacetPriority>
      <Summarizable>1</Summarizable>
      <HighCardinality>1</HighCardinality>
      <LargeData>0</LargeData>
      <MultiValued>0</MultiValued>
      <SMAEnabledSetting>0</SMAEnabledSetting>
   </Field>
   <Field oms_version="3.114.1.0.0">
      <DisplayName>Source_Details</DisplayName>
      <FieldType>1</FieldType>
      <IsSystem>0</IsSystem>
      <IsPrimary>1</IsPrimary>
      <DataType>STRING</DataType>
      <IsMetricKeyEligible>0</IsMetricKeyEligible>
      <IsMetricValueEligible>0</IsMetricValueEligible>
      <FacetEligible>1</FacetEligible>
      <RangeFacetEligible>0</RangeFacetEligible>
      <TableEligible>1</TableEligible>
      <FacetPriority>1</FacetPriority>
      <Summarizable>1</Summarizable>
      <HighCardinality>1</HighCardinality>
      <LargeData>0</LargeData>
      <MultiValued>0</MultiValued>
      <SMAEnabledSetting>0</SMAEnabledSetting>
   </Field>
   <Field oms_version="3.114.1.0.0">
      <DisplayName>Date Created</DisplayName>
      <FieldType>1</FieldType>
      <IsSystem>0</IsSystem>
      <IsPrimary>1</IsPrimary>
      <DataType>TIMESTAMP</DataType>
      <IsMetricKeyEligible>0</IsMetricKeyEligible>
      <IsMetricValueEligible>0</IsMetricValueEligible>
      <FacetEligible>1</FacetEligible>
      <RangeFacetEligible>0</RangeFacetEligible>
      <TableEligible>1</TableEligible>
      <FacetPriority>1</FacetPriority>
      <Summarizable>1</Summarizable>
      <HighCardinality>1</HighCardinality>
      <LargeData>0</LargeData>
      <MultiValued>0</MultiValued>
      <SMAEnabledSetting>0</SMAEnabledSetting>
   </Field>
   <Field oms_version="3.114.1.0.0">
      <DisplayName>Defined_Tags</DisplayName>
      <FieldType>1</FieldType>
      <IsSystem>0</IsSystem>
      <IsPrimary>1</IsPrimary>
      <DataType>STRING</DataType>
      <IsMetricKeyEligible>0</IsMetricKeyEligible>
      <IsMetricValueEligible>0</IsMetricValueEligible>
      <FacetEligible>1</FacetEligible>
      <RangeFacetEligible>0</RangeFacetEligible>
      <TableEligible>1</TableEligible>
      <FacetPriority>1</FacetPriority>
      <Summarizable>1</Summarizable>
      <HighCardinality>1</HighCardinality>
      <LargeData>0</LargeData>
      <MultiValued>1</MultiValued>
      <SMAEnabledSetting>0</SMAEnabledSetting>
   </Field>
   <Field oms_version="3.114.1.0.0">
      <DisplayName>KMS_key_id</DisplayName>
      <FieldType>1</FieldType>
      <IsSystem>0</IsSystem>
      <IsPrimary>1</IsPrimary>
      <DataType>STRING</DataType>
      <IsMetricKeyEligible>0</IsMetricKeyEligible>
      <IsMetricValueEligible>0</IsMetricValueEligible>
      <FacetEligible>1</FacetEligible>
      <RangeFacetEligible>0</RangeFacetEligible>
      <TableEligible>1</TableEligible>
      <FacetPriority>1</FacetPriority>
      <Summarizable>1</Summarizable>
      <HighCardinality>1</HighCardinality>
      <LargeData>0</LargeData>
      <MultiValued>0</MultiValued>
      <SMAEnabledSetting>0</SMAEnabledSetting>
   </Field>
   <Field oms_version="3.114.1.0.0">
      <DisplayName>Freeform_tags</DisplayName>
      <FieldType>1</FieldType>
      <IsSystem>0</IsSystem>
      <IsPrimary>1</IsPrimary>
      <DataType>STRING</DataType>
      <IsMetricKeyEligible>0</IsMetricKeyEligible>
      <IsMetricValueEligible>0</IsMetricValueEligible>
      <FacetEligible>1</FacetEligible>
      <RangeFacetEligible>0</RangeFacetEligible>
      <TableEligible>1</TableEligible>
      <FacetPriority>1</FacetPriority>
      <Summarizable>1</Summarizable>
      <HighCardinality>1</HighCardinality>
      <LargeData>0</LargeData>
      <MultiValued>1</MultiValued>
      <SMAEnabledSetting>0</SMAEnabledSetting>
   </Field>
   <Parser oms_version="3.114.1.0.0" tokenize_orig_text="1" type="4">
      <Name>cisFileStorage</Name>
      <DisplayName>cisFileStorage</DisplayName>
      <Description>for CIS File Storage</Description>
      <IsSingleLineContent>1</IsSingleLineContent>
      <HeaderContent>id,display_name,deep_link,kms_key_id,lifecycle_state,availability_domain,time_created,compartment_id,source_details,defined_tags,freeform_tags,region,notes,extract_date</HeaderContent>
      <ExampleContent>ocid1.filesystem.oc1.eu_frankfurt_caxx,test-FS,"=HYPERLINK(""https://cloud.oracle.com/fss/file-systems/ocid1.filesystem.oc1.eu_xxx?region=eu-frankfurt-1"",""testing"")",,ACTIVE,EU-FRANKFURT-1-AD-1,2025-03-06T13:37:42,ocid1.compartment.oc1..axxx,"{'parentFileSystemId': '', 'sourceSnapshotId': ''}","{'CCA_Basic_Tag': {'email': 'user@example.om'}, 'Oracle-Standard': {'CostCenter': 'X'}, 'Oracle_Tags': {'CreatedBy': 'test', 'CreatedOn': '2000-03-06T13:37:41.986Z'}}",{'.test': 'AQEC='},eu-frankfurt-1,,2000-06-26T12:28:57</ExampleContent>
      <IsSystem>0</IsSystem>
      <Encoding>UTF-8</Encoding>
      <Language>en_US</Language>
      <ParserFields>
         <ParserField>
            <FieldSeq>6</FieldSeq>
            <FieldName>availdomain</FieldName>
         </ParserField>
         <ParserField>
            <FieldSeq>8</FieldSeq>
            <FieldName>compartmentid</FieldName>
         </ParserField>
         <ParserField>
            <FieldSeq>9</FieldSeq>
            <FieldName>udfs145</FieldName>
         </ParserField>
         <ParserField>
            <FieldSeq>11</FieldSeq>
            <FieldName>udfsm5</FieldName>
         </ParserField>
         <ParserField>
            <FieldSeq>1</FieldSeq>
            <FieldName>ident</FieldName>
         </ParserField>
         <ParserField>
            <FieldSeq>14</FieldSeq>
            <FieldName>time</FieldName>
         </ParserField>
         <ParserField>
            <FieldSeq>10</FieldSeq>
            <FieldName>udfsm4</FieldName>
         </ParserField>
         <ParserField>
            <FieldSeq>12</FieldSeq>
            <FieldName>region</FieldName>
         </ParserField>
         <ParserField>
            <FieldSeq>4</FieldSeq>
            <FieldName>udfs128</FieldName>
         </ParserField>
         <ParserField>
            <FieldSeq>2</FieldSeq>
            <FieldName>udfs56</FieldName>
         </ParserField>
         <ParserField>
            <FieldSeq>7</FieldSeq>
            <FieldName>udfd3</FieldName>
         </ParserField>
         <ParserField>
            <FieldSeq>5</FieldSeq>
            <FieldName>statecurr</FieldName>
         </ParserField>
      </ParserFields>
      <WrittenOnce>0</WrittenOnce>
      <IsDefaultParser>1</IsDefaultParser>
      <InUse>1</InUse>
      <FieldDelimiter>,</FieldDelimiter>
      <FieldQualifier>"</FieldQualifier>
   </Parser>
   <Source configWarningSettings="0" name="CISFileStorage" oms_version="3.114.1.0.0">
      <SourceType>os_file</SourceType>
      <TargetTypes>
         <TargetType>omc_host_linux</TargetType>
      </TargetTypes>
      <DisplayName>CISFileStorage</DisplayName>
      <Description>Source for CIS FileStorage</Description>
      <IsSystem>0</IsSystem>
      <IsSecureContent>1</IsSecureContent>
      <Parsers>
         <Parser>
            <ParserSeq>1</ParserSeq>
            <ParserName>cisFileStorage</ParserName>
         </Parser>
      </Parsers>
      <IsHidden>0</IsHidden>
      <IsSMAEnabled>0</IsSMAEnabled>
   </Source>
   <FieldNameMaps>
      <FieldNameMap>
         <Name>udfs56</Name>
         <DisplayName>Display Name</DisplayName>
      </FieldNameMap>
      <FieldNameMap>
         <Name>udfs145</Name>
         <DisplayName>Source_Details</DisplayName>
      </FieldNameMap>
      <FieldNameMap>
         <Name>udfd3</Name>
         <DisplayName>Date Created</DisplayName>
      </FieldNameMap>
      <FieldNameMap>
         <Name>udfsm4</Name>
         <DisplayName>Defined_Tags</DisplayName>
      </FieldNameMap>
      <FieldNameMap>
         <Name>udfs128</Name>
         <DisplayName>KMS_key_id</DisplayName>
      </FieldNameMap>
      <FieldNameMap>
         <Name>udfsm5</Name>
         <DisplayName>Freeform_tags</DisplayName>
      </FieldNameMap>
   </FieldNameMaps>
</LoganContent>
