{
  "title": "main",
  "description": "",
  "variables": {
    "fileUploadResponseType_Var": {
      "type": "fileUploadResponseType"
    },
    "Image": {
      "type": "any"
    },
    "ImageApp": {
      "type": "ImageType"
    },
    "summary": {
      "type": "summaryResp"
    },
    "summaryType_Var": {
      "type": "summaryType"
    }

  },
  "metadata": {},
  "types": {
    "@decorators.fileUploadResponseType": {
      "endpoint": "postRESTVISION1_0Image",
      "service": "GetImageDetails",
      "path": "response"
    },
    "@decorators.summaryResp": {
      "endpoint": "postRetrieve",
      "service": "GenerateSummary",
      "path": "response"
    },
    "@decorators.summaryType": {
      "endpoint": "postRetrieve",
      "service": "GenerateSummary",
      "path": "request"
    },
    "fileUploadResponseType": {
      "labels": "string",
      "ontologyClasses": "string"
    },
    "ImageType": {
      "Labels": "string"
    },
    "summaryResp": {
      "results": "string"
    },
    "summaryType": {
      "collection_name": "string",
      "query": "string",
      "top_k": "number"
    }

  },
  "eventListeners": {
    "buttonAction": {
      "chains": [
        {
          "chainId": "ButtonActionChain"
        }
      ]
    },
    "filePickerSelect": {
      "chains": [
        {
          "chainId": "FilePickerSelectChain",
          "parameters": {
            "files": "[[ Array.prototype.slice.call($event.detail.files) ]]"
          }
        }
      ]
    },
    "toggleDrawer": {
      "chains": [
        {
          "chainId": "application:toggleDrawerHandler"
        }
      ]
    }

  },
  "imports": {
    "components": {

      "oj-button": {
        "path": "ojs/ojbutton"
      },
      "oj-file-picker": {
        "path": "ojs/ojfilepicker"
      },
      "oj-form-layout": {
        "path": "ojs/ojformlayout"
      },
      "oj-highlight-text": {
        "path": "ojs/ojhighlighttext"
      },
      "oj-input-text": {
        "path": "ojs/ojinputtext"
      },
      "oj-text-area": {
        "path": "ojs/ojinputtext"
      }

    }
  }
}