{
  "description": "",
  "root": "assignVariablesSummaryTypeVar",
  "actions": {
    "fireNotification": {
      "module": "vb/action/builtin/fireNotificationEventAction",
      "parameters": {
        "target": "leaf",
        "summary": "[[ $chain.results.callRestPostRetrieve.message.summary ]]",
        "type": "error",
        "displayMode": "persist"
      }
    },
    "callRestPostRetrieve": {
      "module": "vb/action/builtin/restAction",
      "parameters": {
        "endpoint": "GenerateSummary/postRetrieve",
        "uriParams": {
          "tracker": "summary"
        },
        "body": "{{ $page.variables.summaryType_Var }}"
      },
      "outcomes": {
        "success": "assignVariablesSummary",
        "failure": "fireNotification"
      }
    },
    "assignVariablesSummaryTypeVar": {
      "module": "vb/action/builtin/assignVariablesAction",
      "parameters": {
        "$page.variables.summaryType_Var": {
          "source": {
            "collection_name": "imagestest1",
            "top_k": 10,
            "query": "{{ $page.variables.fileUploadResponseType_Var.labels }}"
          },
          "reset": "none",
          "auto": "always",
          "mapping": {
            "$target.top_k": {
              "source": "$source.top_k",
              "reset": "empty"
            },
            "$target.collection_name": {
              "source": "$source.collection_name",
              "reset": "empty"
            },
            "$target.query": {
              "source": "$source.query",
              "reset": "empty"
            }
          }
        }
      },
      "outcomes": {
        "success": "callRestPostRetrieve"
      }
    },
    "assignVariablesSummary": {
      "module": "vb/action/builtin/assignVariablesAction",
      "parameters": {
        "$page.variables.summary": {
          "source": {
            "results": "[[ $chain.results.callRestPostRetrieve.body.results ]]"
          },
          "reset": "none",
          "auto": "always"
        }
      }
    }
  },
  "variables": {}
}