{
  "description": "",
  "root": "callFunctionProcessImage",
  "actions": {
    "callFunctionProcessImage": {
      "module": "vb/action/builtin/callModuleFunctionAction",
      "parameters": {
        "module": "[[ $functions ]]",
        "functionName": "processImage",
        "params": [
          "{{ $variables.files[0] }}"
        ]
      },
      "outcomes": {
        "success": "callRestPostRESTVISION1Image"
      }
    },
    "fireNotification": {
      "module": "vb/action/builtin/fireNotificationEventAction",
      "parameters": {
        "target": "leaf",
        "summary": "[[ $chain.results.callRestPostRESTVISION1Image.message.summary ]]",
        "type": "error",
        "displayMode": "persist"
      }
    },
    "callRestPostRESTVISION1Image": {
      "module": "vb/action/builtin/restAction",
      "parameters": {
        "endpoint": "GetImageDetails/postRESTVISION1_0Image",
        "body": "{{ $variables.files[0] }}"
      },
      "outcomes": {
        "success": "assignVariablesImageApp",
        "failure": "fireNotification"
      }
    },
    "assignVariablesImageApp": {
      "module": "vb/action/builtin/assignVariablesAction",
      "parameters": {
        "$page.variables.fileUploadResponseType_Var": {
          "source": "{{ $chain.results.callRestPostRESTVISION1Image.body }}",
          "auto": "always",
          "reset": "empty"
        },
        "$page.variables.Image": {
          "source": "{{ $chain.results.callFunctionProcessImage.data }}"
        }
      }
    }
  },
  "variables": {
    "files": {
      "required": true,
      "type": "object[]",
      "input": "fromCaller"
    }
  }
}