{
    "openapi": "3.0.0",
    "info": {
        "title": "20221109 Actions",
        "version": "1.0.0"
    },
    "servers": [
        {
            "url": "vb-catalog://backends/documentUnderstanding"
        }
    ],
    "paths": {
        "/analyzeDocument": {
            "post": {
                "operationId": "postAnalyzeDocument",
                "requestBody": {
                    "content": {
                        "application/json": {
                            "schema": {
                                "$ref": "#/components/schemas/PostAnalyzeDocumentRequest"
                            },
                            "examples": {
                                "vb": {
                                    "externalValue": "./examples/postAnalyzeDocument/request_application_json_vb.json"
                                }
                            }
                        }
                    }
                },
                "responses": {
                    "default": {
                        "description": "Default response",
                        "content": {
                            "application/json": {
                                "schema": {
                                    "$ref": "#/components/schemas/PostAnalyzeDocumentResponse"
                                },
                                "examples": {
                                    "vb": {
                                        "summary": "Example stored by VB User",
                                        "externalValue": "./examples/postAnalyzeDocument/response_default_application_json_vb.json"
                                    }
                                }
                            }
                        }
                    }
                },
                "x-vb": {
                    "actionHint": "custom"
                }
            }
        }
    },
    "components": {
        "schemas": {
            "PostAnalyzeDocumentRequest": {
                "type": "object",
                "properties": {
                    "features": {
                        "type": "array",
                        "items": {
                            "type": "object",
                            "properties": {
                                "featureType": {
                                    "type": "string"
                                },
                                "generateSearchablePdf": {
                                    "type": "boolean"
                                }
                            }
                        }
                    },
                    "processorType": {
                        "type": "string"
                    },
                    "isZipOutputEnabled": {
                        "type": "boolean"
                    },
                    "language": {
                        "type": "string"
                    },
                    "compartmentId": {
                        "type": "string"
                    },
                    "document": {
                        "type": "object",
                        "properties": {
                            "source": {
                                "type": "string"
                            },
                            "data": {
                                "type": "string"
                            }
                        }
                    },
                    "outputLocation": {
                        "type": "object",
                        "properties": {
                            "namespaceName": {
                                "type": "string"
                            },
                            "bucketName": {
                                "type": "string"
                            },
                            "prefix": {
                                "type": "string"
                            }
                        }
                    }
                }
            },
            "PostAnalyzeDocumentResponse": {
                "type": "object",
                "properties": {
                    "documentMetadata": {
                        "type": "object",
                        "properties": {
                            "pageCount": {
                                "type": "integer"
                            },
                            "mimeType": {
                                "type": "string"
                            }
                        }
                    },
                    "pages": {
                        "type": "array",
                        "items": {
                            "type": "object",
                            "properties": {
                                "pageNumber": {
                                    "type": "integer"
                                },
                                "dimensions": {
                                    "type": "object",
                                    "properties": {
                                        "width": {
                                            "type": "number"
                                        },
                                        "height": {
                                            "type": "integer"
                                        },
                                        "unit": {
                                            "type": "string"
                                        }
                                    }
                                },
                                "detectedDocumentTypes": {
                                    "nullable": true
                                },
                                "detectedLanguages": {
                                    "nullable": true
                                },
                                "words": {
                                    "type": "array",
                                    "items": {
                                        "type": "object",
                                        "properties": {
                                            "text": {
                                                "type": "string"
                                            },
                                            "confidence": {
                                                "type": "number"
                                            },
                                            "boundingPolygon": {
                                                "type": "object",
                                                "properties": {
                                                    "normalizedVertices": {
                                                        "type": "array",
                                                        "items": {
                                                            "type": "object",
                                                            "properties": {
                                                                "x": {
                                                                    "type": "number"
                                                                },
                                                                "y": {
                                                                    "type": "number"
                                                                }
                                                            }
                                                        }
                                                    }
                                                }
                                            }
                                        }
                                    }
                                },
                                "lines": {
                                    "type": "array",
                                    "items": {
                                        "type": "object",
                                        "properties": {
                                            "text": {
                                                "type": "string"
                                            },
                                            "confidence": {
                                                "type": "number"
                                            },
                                            "boundingPolygon": {
                                                "type": "object",
                                                "properties": {
                                                    "normalizedVertices": {
                                                        "type": "array",
                                                        "items": {
                                                            "type": "object",
                                                            "properties": {
                                                                "x": {
                                                                    "type": "number"
                                                                },
                                                                "y": {
                                                                    "type": "number"
                                                                }
                                                            }
                                                        }
                                                    }
                                                }
                                            },
                                            "wordIndexes": {
                                                "type": "array",
                                                "items": {
                                                    "type": "integer"
                                                }
                                            }
                                        }
                                    }
                                },
                                "tables": {
                                    "nullable": true
                                },
                                "documentFields": {
                                    "nullable": true
                                }
                            }
                        }
                    },
                    "detectedDocumentTypes": {
                        "nullable": true
                    },
                    "detectedLanguages": {
                        "nullable": true
                    },
                    "documentClassificationModelVersion": {
                        "nullable": true
                    },
                    "languageClassificationModelVersion": {
                        "nullable": true
                    },
                    "textExtractionModelVersion": {
                        "type": "string"
                    },
                    "keyValueExtractionModelVersion": {
                        "nullable": true
                    },
                    "tableExtractionModelVersion": {
                        "nullable": true
                    },
                    "errors": {
                        "nullable": true
                    },
                    "searchablePdf": {
                        "nullable": true
                    }
                }
            }
        }
    }
}