"ID","NAME","BALANCE"
1,"EDWINA BRAZEAL",6885.62
2,"GRETTA GRUNDER",26627.71
4,"LISA WILLIVER",66835.14
5,"NORRIS MICHENER",34774.46
6,"DEAN BOLLICH",45813.92
7,"KATHRYN ROGERS",189249.9
8,"ISIAH DESORCY",75330.07
9,"DAREN BRAVARD",60655.89
10,"CORI ABLIN",119188.55
11,"WYSTERIA ARANA",90188.35
12,"KEVIN SAWLIVICH",147547.41
13,"AMBROSE HIDAY",157662.18
14,"THEODORE KNOWITON",18743.5
15,"GLAUBO RINNAIA",4464.1
16,"MARGARITO CLELAND",149730.63
17,"ERNEST BOYARSKI",191767.43
18,"MICHAEL HARRIS",89948.01
19,"BARI APRESA",171320.81
20,"SHAMEKA KNAPHUS",159499.91
21,"FORREST WERTMAN",137429.94
22,"GLADYS LAUGHERY",179818.53
23,"KIRA BREST",57812.21
24,"EDMOND BARAY",179339.79
26,"MONTE CALLOWAY",199543.78
27,"HAYDEN BRAXTON",14278.79
29,"FLOY CRAVER",77249.44
30,"LIA BURKIN",98315.47
32,"HAZEL BOHS",89235.54
33,"NELSON TATE",126636.71
35,"SHAINA CUFFIA",161748.07
36,"EDWARD RAWLE",113793.46
38,"AYANA BARKHURST",101715.52
39,"MARVA RIEKERT",13159.58
41,"SHALON JOHAL",124442.86
43,"LANELL FLORCZAK",111606.52
45,"JAMES WILLIAMS",17104.42
46,"GRICELDA LUEBBERS",2800.32
48,"LAMONT FESPERMAN",81385.64
50,"KENDRICK CARABALLO",143926.99
51,"KRISTINA LIVSHITS",194363.16
52,"KIMBERLY MCGRAIL",34307.27
54,"NICHOLAS DIAZ",58604.8
55,"HELAINE MCCANLESS",119795.36
57,"MARTIN MUSULIN",6429.41
58,"EFFIE REINHOLT",40806.5
60,"CALLIE ANTRONICA",111923.9
61,"JOSEFA SHILT",144029.39
63,"JANYCE DAIGNAULT",164465.62
64,"RAUL HAELFEIUS",187192.61
66,"CAROL CITINO",51936.42
67,"ERICKA OCONNER",61340.87
69,"CONNIE DELAGARZA",120359.02
70,"MARYANN CHAMP",17523.68
72,"PERCY SHUMSKI",116210.3
74,"DARNELL RAINBOW",82927.33
75,"WONDA RIEXINGER",57851
76,"LAI KURTICH",154434.36
78,"JOLYN SCHNUR",98033.56
80,"ZACHARY BARBERR",165022.46
81,"PING IVEL",143470.78
82,"SHIRLEY WARD",8641.96
84,"KIMIKO BRIEN",191684.55
86,"JOIE SCHOCH",15174.4
87,"JORDON CRAMBLIT",185355.04
89,"EUSTOLIA TEMORES",159872.38
91,"PIA STAPF",25717.36
92,"JACK BROOKS",30257.9
94,"SALOME GUISTI",177525.2
95,"GRACIA SOLDAVINI",5318.75
97,"FELIX FOX",76785.68
98,"VERNIE PACKWOOD",172847.4
100,"PENNIE BUCHANNAN",137363.44
101,"CHEREE KEMP",20224
102,"PATIENCE CALDERSON",8078.12
104,"ZULMA OLDS",150572.1
105,"DANIELLA ALMONTE",26854.33
107,"DANIELA RICK",188641.63
108,"JONELLE DENICE",97053.96
110,"EFREN WALLENTINE",180420.8
111,"WYNONA TENDA",61241.95
113,"KIMI SHIIBA",49348.47
114,"HARRIET AUXUS",98113.97
116,"TANJA VANOVER",100849.66
119,"DARLENE PISANO",99703.34
121,"AZALEE GOODWATER",149820.67
125,"DANITA HEUMANN",198126.81
127,"TOM FEGO",78955.42
132,"IVONNE HONDEL",74048.59
136,"KATHERINE TAGG",194948.89
138,"ENOCH STRINI",172975.53
142,"JANNA DUPERCLAY",191482.95
145,"SANTIAGO VAUTUS",55774.74
149,"DANNIE MCCOIN",91797.81
151,"FLORENCIA HOPKINS",2742.86
153,"CAMI KIRKWOOD",106011.68
158,"LIBRADA LEMPKA",115594.56
160,"MARCO SLIVKA",170225.11
164,"BRANDY GENCO",21484.68
166,"WINNIFRED LACHOWICZ",88738.52
168,"PAULENE PENSICK",113358.63
173,"TYLER CURLEE",46597
175,"YUKI FEWELL",82766.32
179,"TEISHA GRIMSTEAD",125132.97
181,"RUTHANNE BURGOYNE",129225.82
186,"KINA CADEMARTORI",85947.82
188,"SANDY DIFEO",127345.88
192,"CARLOS MAZA",160824.11
194,"LANITA DELOYE",155641.1
199,"HELENA EBERHARD",16190.38
201,"LIBBIE RISHER",43966.95
203,"BASIL HANAGAN",15172.9
208,"DARA BONNEAU",76403.55
210,"GRACIELA VALLEY",142055.06
212,"WALTER TURNER",82529.07
216,"AMI DARDAR",80439.44
218,"NONA KOZUCH",99696.83
223,"DEIRDRE TRUDICS",38642.2
225,"JAIMEE GAMMONS",176736.52
229,"DANIELLE NETT",110004.6
231,"PAMELA GONZALEZ",119498.66
234,"NORMAND LOWNSBERY",192246.98
238,"ANNETTA JUBACK",95198.55
240,"PAM DOMINIS",196317.67
244,"KALEIGH MEADE",7347.67
247,"RUSSEL HEINZELMAN",4088.39
251,"STEFANY WANINGER",5056.16
253,"WINFRED AUGUST",192451.32
257,"LUCILLA GERNER",98353.03
260,"GRAHAM CHAMBERS",39731.71
264,"TRESSA COPPENS",115480.4
266,"TERRELL FLOW",16083.18
270,"GRACIA TSAI",17815.76
273,"OSCAR MOYE",86965.33
275,"SEAN ADAMS",134524.95
279,"ANISA KURTZ",52754.19
281,"VERONICA AUBRECHT",112763.1
286,"JOLEEN HIMMELMANN",188335.35
288,"JUDITH ECKL",175808.67
292,"TYRONE PAPA",23333.52
294,"DELENA BOST",2791.63
296,"EDGAR NORTH",119125.46
301,"ERICA SHORTES",121472.81
305,"DANILO TITCH",181046.37
307,"LIBBY KRAUSS",123663.55
310,"ERASMO RIVIERA",128202.57
314,"KIRBY HONEYMAN",159629.5
318,"KRIS KRILL",21146.55
320,"SHAMIRA HAIR",36418.27
325,"TAYLOR CAUCHON",79306.68
327,"SHANE PUJIA",116035.26
329,"PINKIE DULAN",89179.13
333,"MURRAY VICARIO",68090.15
336,"THELMA KITTNER",16104.21
340,"SHANNAN MESEROLE",149415.37
342,"WALTER SCHMATZ",173067.15
346,"LECIA ALVINO",172679.5
349,"DEBBIE SAWBRIDGE",22767.7
351,"MARY KOSSEN",21322.79
355,"WOODROW POUNCY",189916.96
357,"ERIKA DUFFEY",129235.96
362,"FRED FONTAIN",5616.7
364,"LEZLIE ROSENTHALL",126373.13
368,"STEVEN BROWN",137556.89
370,"TIFFANIE KERSHNER",150072.01
375,"BARBARA KRUCKE",45958.33
377,"FRANCES ROPAC",26555.6
379,"OLIVER DAMOUR",7803.49
383,"ROSELINE FANTER",191270.13
385,"LUELLA PRAYTOR",37129.73
390,"LORITA KOENIG",155083.43
392,"LARISA OATHOUT",166172.01
394,"MARGIE OSPINA",50560.22
398,"PERRY SQUINES",50663.67
401,"PEARLENE LOFMAN",180753.25
405,"SABINE BONAGUIDI",105747.94
407,"BRYNN MCKALE",125224.04
412,"RUSTY NESLAND",57619.68
416,"ERDA SHEER",141793.17
418,"VERNON MORENCE",65854.43
422,"LAURICE KARL",135032.82
425,"LIDIA BEETS",110282.34
427,"SHAN DILTS",143214.76
431,"LAMAR SALAIS",94444.91
433,"LETHA KOSIR",8249.52
434,"SUZI LANGDALE",13446.62
435,"CASEY CHESTAND",171118.57
436,"DELIA NORTESANO",9915.97
437,"ARRON WACLAWSKI",183226
438,"BULA ESPERANZA",105762.28
439,"JULEE MEGINNES",123738.76
440,"JOSEPHINA WILSHUSEN",195832.69
441,"IRENE MOORE",189179.61
442,"SALENA WADSWORTH",105119.89
443,"EVELYN TORRES",187987.24
444,"LUCIANA SCHWARTZE",72496.03
446,"PAULINA KRETLOW",115587.39
447,"MARGARET VALLARTA",23627.38
448,"DARELL EASTMOND",181014.91
449,"KING PRESNELL",23343.17
450,"MICHAEL SMITH",3520.96
451,"PEGGIE UBALDO",139051.14
452,"CARL LEE",86330.28
454,"MACHELLE VANDEVSEN",136340.53
456,"ANGELO CARREON",180887.84
457,"WINNIFRED KEATS",68166.3
459,"SHANAE KEEMER",39612.04
460,"KELLAN YE",85104.83
462,"LESTER SACKS",189073.09
463,"ROSAURA GUILLOTTE",160174.87
465,"BEAU DEERMAN",114903.09
466,"PABLO CAVENEY",4716.75
468,"LUCIUS SANTUCCI",181799.01
469,"ROSEANN DEJARDEN",138309.44
471,"MABELLE BEASTON",174198.98
473,"CHAYA GRECZKOWSKI",39843.28
474,"GINO SKILLAN",85873.15
475,"SVETLANA WISELY",105815.59
477,"EDELMIRA WIDMAN",40811.44
479,"ALWIN ELLIOTT",38634.59
480,"BELINDA BARGER",198614.31
482,"DARCIE HAMM",4905.57
483,"TOMMY STOOR",188285.44
484,"PAULITA GASKILL",50173.83
486,"BEATRIS IRAHETA",20385.65
487,"NELLA RUPNICK",114607.12
489,"MICHELLE RAMIREZ",122523.98
490,"BECKY FALSETTI",52958.66
492,"OLEN VIRE",93596.02
493,"HISAKO BRANOT",172299.1
495,"CAMELLIA ARCHULETTA",25887.17
496,"HOBERT SIMMON",110735.79
498,"BART DETULLIO",113268.2
499,"SUZANN BEARS",169786.26
501,"BRITNEY GABLE",187421.69
502,"DOUGLAS FLORES",197726.37
503,"KIRK LAMOINE",123576.37
505,"SANDRA BASS",89294.11
506,"FLORINE MCPHAUL",44866.73
508,"JENNIFER COOPER",155852.45
509,"LANCE YEAKEL",166972.49
510,"GLADIS TREVEY",115705.48
512,"SHANICE VINTON",13380.44
513,"GRISELDA KUROHARA",119180.03
515,"KIMBRA DING",135178.67
516,"SCOTTY GOFFREDO",130302.93
518,"TIESHA CACACE",74782
519,"WINFRED SOHN",64659.62
520,"RUSSELL RIVERA",37427.08
522,"ANGEL SAKODA",64371.71
523,"ANNMARIE ESMAY",75395.04
525,"DARLEEN CASTEN",137771.46
527,"PAGE WHETZELL",53297.24
528,"FRANCIE HODES",33639.65
530,"JULIAN RUDACK",75601.85
531,"TERRIE MAGPURI",188849.45
533,"LOYD HUCKEBA",28458.32
534,"JANNETTE BABINO",162110.96
536,"RAYMOND BAILEY",34508.25
537,"DARLA JUNGLING",49672.3
539,"ELAINA HAGGLUND",6026.28
540,"MARSHALL LOWERY",13595.37
542,"ELA BISESI",94109.29
543,"HEATHER NIBERT",175791.66
545,"THERESA WALKNER",80756.14
546,"TOBIE MUDRA",191302.08
547,"WILFRED WELCH",23898.95
549,"NUS BIOLLIX",140619.17
551,"KINDRA EVERAGE",90446.8
555,"ANGELA GUGINO",51371.79
558,"KYLEE EDWADS",177539.92
562,"KITTY KOSINSKI",121314.01
564,"TWILA HILLIARD",125193.16
568,"TINA KOVALCHECK",176773.62
571,"MELISA BANDA",96626.12
575,"QUINN YERDON",120368.59
577,"ELANOR SHINSEL",53323.73
581,"KIRSTEN SKEA",195330.81
584,"OLENE KURZ",77816.45
588,"MONTY KINNAMON",47788.7
590,"MICHAEL MARKER",168752.34
594,"TERRELL STASSEN",141104.95
599,"LOVIE RITACCO",145349.88
601,"CHERYL YOUNG",168791.3
605,"ROSAMOND TOTTER",79031.1
608,"BEVERLY POYNTER",138231.57
612,"EPIFANIA URBACH",99193.99
614,"PENNEY PENTON",92266.39
616,"PEARLINE WEINBAUER",78390.64
621,"SORAYA TYSARCZYK",1360.12
623,"ADELINE IANNOTTI",84911.45
627,"GLENN MCGRAFF",120683.16
629,"VICTOR ACKEN",110163.47
634,"ISIDRO HARD",26170.86
636,"LUTHER ARDINGER",138884.58
640,"TY FLOURNAY",122743.73
642,"YURIKO STINSER",169940.89
644,"WILLIAM SCHLEISS",105983.44
649,"ROSARIA SIDLES",8926.19
651,"MARVELLA SALEMI",13807.59
655,"GREGORIA RAMOTAR",23580.36
657,"FRANK PEREZ",10456.36
662,"WILLY SIPPLE",132407.03
664,"LOLA WHITLEY",167597.26
666,"CARMELLA AVALOS",127007.73
670,"CAROL ALEXANDER",130798.09
675,"GWENDOLYN PLOWDEN",189503.36
677,"MARY BARNES",33213.72
679,"ROSALINE ANGE",144275.3
683,"GIOVANNI HELBERT",3583.8
686,"ANDREW SCHIEFERSTEIN",88145.5
690,"ELIN SEIDEL",181437.57
692,"SABINA KENNEMUTH",64916.74
696,"LANI WINWARD",163387.21
699,"GISELA COSTELLO",137311.89
703,"CESAR TIGERT",16701.04
705,"JUSTIN MCCALLISTER",199329.85
710,"HOMER TRIGILLO",138693.23
712,"BUNNY OGINSKI",186440.63
716,"MARTHA BAKER",152624.5
718,"KYLA DEVICH",159057.48
723,"LAREE SHAGGY",63931.65
725,"CLORINDA MATALKA",89387.46
727,"JUSTIN KING",99444.91
731,"SHANEL WICHROWSKI",66791.26
733,"MADALENE WEAVERS",19274.13
738,"MACKENZIE AUCTER",21231.06
740,"MARC DOMANSKI",28354.1
744,"TOBI HEIDE",9794.99
746,"SHAWN SORENSON",64958.46
749,"DANIA GRIZZARD",123643.89
753,"ANDREW SCHIEFERSTEIN",114216.36
755,"CAROLYN WOOD",116918.33
759,"BUDDY GLANTON",187560.47
764,"TYRELL ZUELKE",69370.65
766,"TISH STAPLETON",127223.76
770,"TOBIE MUDRA",30408.63
772,"CLIFTON FALLDORF",134542.09
775,"MARTIN MUSULIN",193912.79
779,"TOCCARA KONWINSKI",147653.98
781,"LUCIENNE BINSFELD",63423.87
785,"ANGELO CARREON",86065.22
788,"FINIAN PARK",13414.02
792,"COLBY SANAGUSTIN",116381.44
794,"FRANCIE HODES",88948.28
798,"GLADYS LAUGHERY",11066.56
801,"GREGORIA RAMOTAR",32754.54
805,"VIRGIE BREEDEN",109276.56
807,"JAMES WILLIAMS",6387.84
809,"KIRSTEN SKEA",55852.4
814,"PAULINA KRETLOW",105910.21
818,"TASHA COBB",94121.99
820,"DANNA LUSE",135618.04
822,"BEVERLY HUGHES",133519.37
827,"JULEE MEGINNES",157992.9
831,"ENRIQUE SOUTHCOTT",55811.29
833,"CAMI KIRKWOOD",58240.6
838,"YURIKO STINSER",189366.11
840,"YVONNE APPLEMAN",38545.63
842,"DELIA NORTESANO",57844.44
846,"BARBARA KRUCKE",47098.89
848,"PERRY SQUINES",51404.7
853,"YURI BURGHARD",105239.35
855,"LUIS POTHOVEN",1115.13
859,"TWYLA POSTEL",144635.54
284,"GIUSEPPE LARAMEE",163263.1
650,"GILLIAN MAURIN",30889.55
652,"DARIO HOUSMAN",75925.03
654,"BEATA LADIEU",156298.43
656,"NOELLE HOWZE",147995.02
658,"KAIJA CRAWFORD",23492.93
659,"LAKITA BJORNSON",123206.18
661,"GLADYS HOMRICH",195416.88
663,"GOLDIE YUSKA",62172.22
665,"GRAZYNA WIEDYK",116802.86
667,"KIRSTIE ROTMAN",156301.75
669,"LANI SALADA",21345.76
671,"BUFFY MELEN",165845.91
672,"WILMER LARRIER",163828
674,"PETER JONES",73536.42
676,"WINDY BOSAK",151905.7
678,"GUDRUN SNATER",98635.49
680,"KAYLENE LUSCO",3465.27
682,"RYANN ROSENKOETTER",121564.47
684,"DANNIELLE CONFORTO",103074.14
685,"ANNA MURPHY",75431.33
687,"TWYLA POSTEL",51859.65
689,"FRANCESCO ELLAND",52474.19
691,"RALPH FOSTER",154718.51
693,"JEREMY HOWARD",135947.18
695,"HEE STANALAND",72499.26
697,"ROBERT SIMMONS",197879.6
698,"LETISHA CACCIA",137893.89
700,"YVONNE APPLEMAN",192200.05
702,"MARYA RASO",125037.37
704,"EVA OGATIUS",150923.39
706,"PIEDAD HALPAINY",19115.51
708,"ROBERTO SIPAIA",105401.29
709,"PALMER VANDERMARK",181735.24
711,"CHET GERVIN",43329.54
713,"YVONE KELTT",42117.01
715,"MARGARETTE MIZWICKI",159010.97
717,"NORMAN LOBREGAT",56725.55
719,"LORIS THIBADEAU",134411.22
721,"DAISY LIDDICOAT",20165.13
722,"SAM RUEB",66388.75
724,"MARGO ALLEMOND",12113.04
726,"KIP BIGNELL",79486.36
728,"JAMISON SCROBOLA",148698.29
730,"SHANTAY RELIC",153194.12
732,"NOLAN ILLE",111982.06
734,"SARAH FLOOK",9750.15
735,"ANNICE MCCROSSEN",136972.55
737,"SHANTEL GEBHART",50464.16
739,"LUCILA HECK",172869.18
741,"LUIS POTHOVEN",89987.18
743,"JANEY FORNELL",180570.68
745,"HONG CHARTER",52874.79
747,"CHI MCWHORTER",68235
748,"BAILEY MAZANEC",99354.06
750,"GREGORY SANCHEZ",99210.29
752,"LAI KURTICH",103288.81
754,"DARIO HOUSMAN",73804.63
756,"POLLY BETRAN",94192.33
758,"CARTER SACARELLO",140195.08
760,"MARSHALL LOWERY",148430.31
761,"SANDY HEFFREN",74129.57
763,"CHADWICK HENSCHEID",14532.39
765,"FLORINE MCPHAUL",167473.51
767,"CESAR TIGERT",98538.11
769,"LIBBIE RISHER",199531.29
771,"FLORIDA GILLIAND",63362.77
773,"PAMELA GONZALEZ",124856.89
774,"LANELL FLORCZAK",20553.56
776,"KYLEE EDWADS",7947.64
778,"WILLIE CUNNINGHAM",171970.83
780,"GWENDOLYN GALINDO",164924.24
782,"MARYANN CHAMP",15478.31
784,"DARREL OYSTER",1050.83
786,"MARGET MUEHL",51772.44
787,"GITA DOBBS",28625.45
789,"OLENE KURZ",163741.72
791,"THEODORA BEAVIN",62124.35
793,"MARYALICE EVERS",91691.07
795,"LUCILA HECK",186311.35
797,"NANCY HALL",45368.44
799,"TODD SARTORIO",87866.79
800,"TOBI HEIDE",118464.58
802,"KAIJA CRAWFORD",45074.85
804,"FRANK PEREZ",193172.38
806,"RAYFORD SALLEY",50277.46
808,"TWILA HILLIARD",118225.8
810,"TOMASA OROUKE",8690.1
811,"LANDON NEVILLE",55539.88
813,"DARCY PAPEN",137421.87
815,"KRIS KRILL",182212.09
817,"LISA WILLIVER",107441.28
819,"CHAYA GRECZKOWSKI",130755.13
821,"JULI PODESTA",148843.61
823,"LATORIA SIPRASOEUTH",187538.64
824,"EVELYN TORRES",164826.86
826,"WITNEY ROCKWELL",11644.34
828,"CORNELL PRATICO",142749.14
830,"JOSH SLOMER",73555.19
832,"WYNONA TENDA",173647.68
834,"PAM DOMINIS",119829.71
836,"SVETLANA WISELY",181620.98
837,"ELA BISESI",101896.8
839,"THERESIA DULEY",65842.48
841,"ELDON LANNON",173820.01
843,"NORENE PENSKY",141659.63
845,"JADA STEHR",9196.14
847,"DEBORAH TAYLOR",16616.52
849,"SHANDI COATLEY",130259.36
850,"GARY JENKINS",190945.13
852,"YVETTE ESTIMABLE",85521.64
854,"LLOYD SHACKLEY",148557.25
856,"SVETLANA MAZELLA",161571.43
858,"ANTON MEW",12656.92
860,"ERDA SHEER",185169.93
980,"GUILLERMO REMSBURG",141602.69
981,"BEATA LADIEU",124307.03
983,"BARABARA SUDERS",132658.19
985,"BRODERICK FAUR",176063.62
987,"GIOVANNI HELBERT",153977.99
989,"RUFUS MORAIS",136953.17
991,"LETTY HARIS",45574.87
993,"FLORETTA CATLIN",32298.18
994,"QUINN YERDON",151208.69
996,"CELINDA MONK",156691.26
998,"CARLOTTA ACHENBACH",159509.48
1000,"BEAU DEERMAN",129751.1
3,"HORACIO RAINBOLT",27022.66
445,"STACEY ENGELSMAN",143699.97
25,"PAMALA MCDEWITT",129247.62
28,"TERESA HORVATH",198535.77
31,"DONNA PERRINE",95379.04
34,"RYAN MONTORI",119165.87
37,"TIM BLASINGIM",86228.51
40,"GWEN CAKE",18126.14
285,"SHIRA AROCHO",125227.63
287,"NORENE PENSKY",2273.13
289,"TRENTON STOERMER",83571.43
291,"GITA DOBBS",43745.34
293,"JOSELYN MAU",193487.87
295,"BRYANT FOK",52153.84
297,"ELAINE MONCURE",19188.46
298,"LANDON NEVILLE",29526.42
300,"JOSHUA NELSON",127560.73
302,"JOSH SLOMER",61591.37
304,"FRAN SIBBALD",123431.74
306,"PERRY MCCALMAN",41222.59
308,"SYLVESTER KISTER",3747.44
309,"JAIME GREYOVICH",157147.36
311,"RUTH GRAHAM",17111.31
313,"ELBA MCELDERRY",149978.8
315,"JOSEPH WILKE",167382.03
317,"GWENDOLYN GALINDO",49043.98
319,"BARBAR FIDEL",55062.17
321,"ISSAC STSAUVEUR",81501.81
322,"JONELL PECATOSTE",163602.27
324,"JEFFREY HALLSTEAD",118804.85
326,"PAIGE VANDERHORST",148497.51
328,"PATRICIA RUGGIERO",188224.01
330,"DARRICK LEAVENWORTH",105753.38
332,"KIT FURGESON",124856.37
334,"JULI PODESTA",76520.98
335,"TRACY MCBRIDE",141130.47
337,"NOVELLA SHACKLETON",31647.9
339,"JOSE BRENTSON",92765.15
341,"THERESE ZAESKE",117519.99
343,"YVETTE ESTIMABLE",66887.27
345,"TAMMY BRYANT",11369.28
347,"ANNEMARIE PINCKNEY",100087.96
348,"JEWEL CLIPPARD",173904.7
350,"NANCY HALL",184433.01
352,"INEZ YAMNITZ",137575.48
354,"ROSALYN WANVIG",167645.71
356,"SYLVESTER GLAWSON",190997.85
358,"EMMETT GOLZ",140117.65
360,"ROB KEMPT",46761.31
361,"GARY BARTON",65034.44
363,"JADA STEHR",165429.63
365,"KUM ROME",136305.64
367,"DARRON COMPO",133210.99
369,"LUDIVINA FRIIS",170989.31
371,"BASIL OURSLER",86931.97
373,"JESSIKA DOORN",12956.9
374,"SUZANNE GITTO",81242.17
376,"JONIE DANAHER",6270.86
378,"TOMIKO LANDFAIR",38193.08
380,"KITTIE WOLSKE",123111.75
382,"MARGE WAKEHAM",48555.96
384,"REYES PACZKOWSKI",175420.18
386,"ANDREA JAMES",131923.99
387,"ANTONIA MCLACHLAN",30981.01
389,"DARIA HEARE",127029.51
391,"ELOISE BURTON",159992.42
393,"OLEVIA HOE",184775.81
395,"PEDRO AENLO",25135.78
397,"SYBLE RADIN",144818.99
399,"PARTICIA SUKHU",136608.45
400,"FLORENCIA KOHLER",96313.69
402,"WARD STEPNEY",138830.01
404,"SABRA FRIEDRICHS",161579.33
406,"JACKLYN NISKALA",97336.44
408,"BEBE BROADWELL",25655.61
410,"JEAN PATTERSON",141222.92
411,"MARYALICE EVERS",124793.08
413,"PORTER GRETH",8109.17
415,"RAYFORD SALLEY",90096.45
417,"ENRIQUE SOUTHCOTT",14143.34
419,"LETTIE VERD",113978.43
421,"PARKER MOREL",20491.8
423,"LONNIE COLBY",17807.45
424,"ISRAEL BENDLAGE",96813.26
426,"LATORIA SIPRASOEUTH",89794.16
428,"CAROL METRICK",35429.49
430,"BUCK CAMPION",1180.92
432,"THEO HEITNER",186895.55
550,"ADAM STADER",131027.23
552,"DANICA RIOGAS",114614.06
554,"THEODORA BEAVIN",64242.23
556,"GLEN GODINEZ",80103.87
557,"MOHAMMAD CERVANTES",68185.33
559,"CLAIR MALDONADO",49443.99
561,"STANFORD KUHLMEY",97768.29
563,"BENEDICT LAVERY",138298.79
565,"EILEEN MILLOTT",60080.38
567,"GORDON MARKE",158680.51
569,"EDUARDO FLIGNIA",9568.79
570,"MICHAEL KIM",82394.47
572,"TREY GORHAM",104254.17
574,"JERALDINE AUDET",87311.55
576,"CODI SIMISON",78947.66
578,"SHANITA REISMAN",8340.65
580,"BUDDY GLANTON",162270.89
582,"OLIMPIA KARPIAK",190985.24
583,"PATTI CHIEFFO",77528.56
585,"BELVA OLD",58004.08
587,"COLBY SANAGUSTIN",178998.48
589,"NORAH ROMPF",176928.42
591,"PAULETTE BYRD",27000.25
593,"TILDA PERNICIARO",195120.61
595,"HORACE KAMINER",26662.67
596,"DARCI GLASSNER",55900.54
598,"TIFFANEY BOZOVICH",19925.02
600,"ELDON LANNON",138250.13
602,"MARGET MUEHL",10849.67
604,"GRETA SVATEK",133004.92
606,"SUSY WEDLOW",17876.57
607,"GLENDORA DOCKUM",58056.75
609,"PHEBE TENSLEY",74606.48
611,"DAPHINE ELFRINK",49018.04
613,"FINIAN PARK",105139.65
615,"GUSSIE KHILLING",13004.32
617,"JONAH BURLAND",185952.45
619,"RUDOLPH BEKERMAN",193981.99
620,"EMILIO SESSAIA",77128.81
622,"FELIX AUVACIA",21659.71
624,"ALEX LOERA",56016.96
626,"EDA FAIGLEY",35124.4
628,"NANCI BUNT",23617.4
630,"EDITH MONTBRIAND",29047.26
632,"PORSCHE SHIPPEE",95320.73
633,"ADAM MILLER",168944.12
635,"TOMI KALLAND",22383.99
637,"GENE MCGINNIS",76249.33
639,"JADWIGA PINCUS",11477.05
641,"GISELE LIMTHONG",95236.02
643,"CELIA SCOTHORN",154717.35
645,"LUANA BERENDS",68792.65
646,"DEDE BUNDY",12357.92
648,"MARTINE FORBS",28081.18
861,"FRANCES ROPAC",182016.16
862,"HEIDY ROCKELMAN",157589.91
863,"CHERYL YOUNG",170414.61
864,"RUTHIE GERLACH",84067.26
865,"JARROD SEIDMAN",18354
866,"ERIKA DUFFEY",78935
867,"MADALENE WEAVERS",182348.91
868,"JUDITH ECKL",115544.86
869,"ELIN SEIDEL",196255.55
870,"OSCAR MOYE",134586.86
871,"IRENE MOORE",7698.56
872,"ANGEL SAKODA",114608.45
873,"JON FOTE",95298.8
874,"ROSEANNE LANTGEN",90206.63
875,"MICHAEL MARKER",81293.54
876,"BARRETT HAYFORD",155976.48
877,"VINCENT HIBBERD",29900.37
878,"CARLOS MAZA",18287.85
880,"AUGUST RUPEL",101045.97
881,"NANCI BUNT",86951.34
883,"JULIAN RUDACK",145872.55
884,"KIRK LAMOINE",49284.25
885,"LAURICE KARL",71369.94
887,"PARKER MOREL",151036.57
888,"JONELLE DENICE",174542.37
890,"CLINTON BJERKE",23107.59
891,"JONNIE SPELLANE",160986.1
892,"KIMBRA DING",199792.74
894,"AYANA BARKHURST",45021.09
895,"JOSELYN MAU",132985.31
896,"LEZLIE ROSENTHALL",123393.65
898,"HORACE KAMINER",168301.37
899,"PIA STAPF",109526.85
901,"ROSALYN WANVIG",156146.58
902,"HOLLIS JONDAHL",63615.53
904,"LECIA ALVINO",118816.2
905,"LONNIE COLBY",119153.9
907,"KIRA BREST",124920.6
908,"PORSCHE SHIPPEE",52184.36
910,"BELLA OSTERFELD",37486.71
911,"DARCEL IGUS",196182
913,"LETHA KOSIR",143011.87
914,"PERCY SHUMSKI",158130.47
916,"ALEX BINETTE",53386.1
917,"NOVELLA SHACKLETON",195529.63
919,"JOLIE MICALIZZI",58609.64
920,"KIRSTIN MECKLER",25296.78
922,"DAREN BRAVARD",143335.02
923,"KIT FURGESON",115337.61
925,"HARRIET AUXUS",179507.96
926,"MARYANNE KARRO",140583.87
927,"PAMALA MCDEWITT",38002.1
929,"JUDSON KANTZ",58508
930,"PATRICIA RUGGIERO",190720.4
932,"ALEX LOERA",185946.95
933,"AUGUST AROURI",81803.39
934,"RUSSELL RIVERA",175642.51
936,"LEON SCHOEPFER",6105.24
937,"ERASMO RIVIERA",50833.5
939,"JANYCE DAIGNAULT",101368.62
941,"DAISY LIDDICOAT",75426.44
942,"ELAINA HAGGLUND",147218.57
943,"SALENA WADSWORTH",16211.07
945,"SANDRA BENNETT",181138.06
947,"ROSEANN DEJARDEN",53178.85
948,"DEAN BOLLICH",11176.3
950,"NUS BIOLLIX",191494.95
951,"VERNITA KULIK",148590.43
953,"SHANNAN MESEROLE",111636.39
954,"CARL LEE",24864.46
956,"ISRAEL BENDLAGE",135654.55
957,"DANILO TITCH",4199.4
958,"PINKIE DULAN",187534.96
960,"GLADYS HOMRICH",177561.9
961,"LESTER SACKS",167234.69
963,"JENNIFER COOPER",38131.32
964,"MARY KOSSEN",176140.58
966,"TREY GORHAM",16044.18
967,"CELIA SCOTHORN",47673.94
968,"LEXIE MAGEE",193745.37
970,"KIMI SHIIBA",178534.05
972,"MICHELLE RAMIREZ",70956.07
973,"LOYD HUCKEBA",68669.75
975,"BUNNY OGINSKI",175151.43
976,"DANIEL STRONG",83080.65
977,"MARGO ALLEMOND",181486.56
979,"ELIZABETH MARTINEZ",22978.52
982,"OLEVIA HOE",145880.24
986,"SHALON JOHAL",186492.54
990,"WONDA RIEXINGER",170044.4
992,"ERNEST BOYARSKI",15584.87
997,"NOLAN ILLE",121601.51
999,"EILEEN MILLOTT",85902.79
117,"TOM CAN",163177.48
120,"SPRING JESSAMY",183567.15
122,"GINA MAKOWSKI",18068.19
124,"PATRICIA WILSON",24974.6
126,"SHAQUANA CARNEY",139399.95
130,"STEPHEN BUTLER",88455.67
131,"PEI JOLINE",163162.76
133,"MARYANNE KARRO",63785.02
135,"VIRGIE BREEDEN",143700.03
139,"LIANE TURNNER",16785.59
141,"LETTY RICCARDO",72172.09
143,"SON MCLAGAN",82032.38
144,"KIRSTIN MECKLER",35042.04
148,"LAQUANDA RUHOFF",123741.87
150,"BOYD REARDEN",76762.58
152,"LANETTE ALKEN",93122.95
154,"WINFORD BARRIERE",193180.93
157,"DANILLE VERBECK",81534.8
159,"CHRIS LAMBRAKIS",136178.23
161,"FONDA PACKINGHAM",174027.5
163,"ANTON MEW",86574.39
167,"TYRA OGARA",182719.57
169,"WINTER PICKENPAUGH",68628.89
170,"GUILLERMO REMSBURG",159632.84
172,"WITNEY ROCKWELL",62043.37
176,"SOPHIA BRUKER",141560.7
178,"FRANCE ZOSEL",31241.1
180,"DINAH PAREDES",11813.57
182,"VERONA AINGE",53798.23
183,"DANYEL GATLING",117934
187,"DAVE GROSECLOSE",159311.75
189,"LEON SCHOEPFER",31832.51
191,"TIMOTHY THURMER",138405.74
193,"DORIA ARCE",118851.47
196,"AUGUST RUPEL",198172.15
198,"VERDA PUCHALLA",40588.55
200,"CAROLYNE CENTORE",104910.9
202,"LUCINDA DEMASI",180822.28
204,"IVANA GARDUNIO",198194.5
207,"SHANON MCCARTER",57482.64
209,"PASTY KIRSCHKE",63167.35
211,"TOCCARA KONWINSKI",8765.81
213,"SVETLANA MAZELLA",22512.54
215,"LUIGI NORED",3136.31
219,"CHADWICK HENSCHEID",137204.98
220,"JESSE ROOKSTOOL",12190.91
222,"OLINDA LANGILL",131173.46
224,"JANITA ESKARAN",787.76
226,"EDWARDO SHOUTS",93503.5
230,"JOLIE MICALIZZI",3891.09
232,"VERNITA KULIK",64662.38
233,"TERRESA HANHARDT",104723.46
235,"HAYWOOD BURD",94926.13
237,"SANDRA BENNETT",155413.6
241,"TOMASA OROUKE",134619.6
243,"ISMAEL OTHER",33013.04
245,"GINGER ZORMAN",41344.13
246,"BARBIE ROEVER",66774.56
248,"THERESIA DULEY",4621.41
252,"DANIELL GRUMNEY",169704.93
254,"JULES RUFFIN",91295.11
256,"GERALD EVANS",33769.49
259,"LILLIA TALBOTT",62357.09
261,"PALMIRA LETRAN",134372.74
263,"JONNIE SPELLANE",84261.91
265,"FLORANCE BATEMAN",143957.03
267,"ELDEN BUFTON",10773.66
271,"LLOYD SHACKLEY",91041.44
272,"LAKESHIA IGNOWSKI",162669.16
274,"RUTHE NISHIOKA",84024.41
276,"SHAD SIMONETTA",113411.69
280,"TIMIKA WOMBLES",162314.57
282,"TISH STAPLETON",12501.33
681,"JANINE PRUDOM",13580.41
688,"CORNELL PRATICO",178033.74
694,"DARIUS ULERY",41051.75
701,"JULIEN GIRARDI",21501.67
707,"FIDEL CREPS",170432.43
714,"RUFUS MORAIS",131016.83
720,"PAMELA FENSTERMAKER",104003.54
729,"ANNELIESE NAMDAR",187980.83
736,"DENISE WHITE",187701.11
742,"CARLOTTA ACHENBACH",74414.82
751,"OLIVER DAMOUR",156810.1
757,"DORIA ARCE",139664.48
762,"FRED FONTAIN",10992.64
768,"ROSAURA GUILLOTTE",30327.87
777,"MARTINE FORBS",149049.6
783,"XAVIER BETHEL",120221.77
790,"PIEDAD HALPAINY",194629.74
796,"WINFRED SOHN",21194.55
803,"DAVE GROSECLOSE",191184.91
812,"PATRICE BECH",74611.74
816,"HAROLD GRIFFIN",87031.1
825,"INEZ YAMNITZ",138994.33
829,"LIBBY KRAUSS",149585.88
835,"MARGARET VALLARTA",182852.37
844,"EDRIS LIFFORD",38437.06
851,"BRANDY GENCO",186913.03
857,"SHAN DILTS",15860.81
879,"EFFIE REINHOLT",26109.65
882,"KENDRICK CARABALLO",74319.21
886,"DONNA PERRINE",38039.72
889,"JUSTIN MCCALLISTER",7042.78
893,"AZALEE GOODWATER",15646.66
897,"PEARLINE WEINBAUER",91839.32
900,"GARY BARTON",73384.36
903,"RUTHE NISHIOKA",149632.85
906,"ANGELA GUGINO",176514.28
909,"CAROL METRICK",94437.19
912,"ARTHUR HILL",41668.69
915,"BEATRIS IRAHETA",77265.43
918,"EMMETT GOLZ",121451.18
921,"SABRA FRIEDRICHS",101942.59
924,"HYRUM GOODSPEED",11902.22
928,"VERNON MORENCE",187038.13
931,"LUCRETIA KIRCHER",29360.85
935,"HAYWOOD BURD",19862.18
938,"YUONNE RILES",70793.15
940,"LUELLA PRAYTOR",165707.13
944,"JOSEFA SHILT",149954.65
946,"DARRON COMPO",38251.53
949,"SUZANNE GITTO",166372.28
952,"LANI WINWARD",193681.92
955,"RUSSEL HEINZELMAN",85186.58
959,"ISIAH DESORCY",105854.33
962,"JOSH VANDERSTELT",154181.45
965,"ROSARIA SIDLES",13129.23
969,"FELIX FOX",28923.62
971,"CALLIE ANTRONICA",19093.24
974,"EDIE TAVERNIER",74720.71
978,"SHAINA CUFFIA",168416.46
984,"STEVEN BROWN",132078.83
988,"SHAMIRA HAIR",180720.05
995,"TOMIKO LANDFAIR",114447.43
118,"DARREN SETTLER",125616.52
128,"YURI BURGHARD",141847.71
137,"TASHA COBB",10061.69
146,"LEXIE MAGEE",66215.67
156,"REINALDO FELTNER",108065.11
165,"PATRICE BECH",147606.3
174,"CHRISTOPHER ALLEN",176206.71
185,"DENNIS LOPEZ",160840.95
195,"DANYELLE SONGSTER",93042.35
206,"DORATHY HUTCHINGS",110234.41
217,"VINCENT HIBBERD",22081.03
228,"GRANVILLE MCMURRIN",99032.79
239,"NORMA ROBINSON",63759.92
250,"MILO MANONI",42593.34
258,"MIREILLE PAULEY",12976.01
269,"DANIKA KERANS",191385.38
278,"YUONNE RILES",153651.62
42,"SHANI MOUA",24949.26
44,"DANNA LUSE",98351.09
47,"JOAN VARNELL",40321.34
49,"JONATHAN COLEMAN",35874.83
53,"SYLVIE KOLLMAN",114535.11
56,"FLORETTA CATLIN",96219.49
59,"TWANDA GRIDER",65370.92
62,"THEOLA GUAGLIANO",84628.94
65,"HOLLIS JONDAHL",38354.42
68,"SHANDI COATLEY",43890.69
71,"TAMIKA HU",167756.77
73,"BERNARDO PHOENIX",114797.27
77,"PAZ MONTILLA",182518.85
79,"BRODERICK FAUR",60725.44
83,"JARED SIETZ",32843.05
85,"TYRELL ZUELKE",156820.27
88,"MARTH HUISH",132966.13
90,"POLLY BETRAN",27118.99
93,"OLLIE EGERT",186244.47
96,"ANTOINE APPLONIE",162697.29
99,"DANIELE THORSTEN",142141.79
103,"MARGOT MORIN",197495.95
106,"HYRUM GOODSPEED",52214.17
109,"EDNA FOWLSTON",156538.36
112,"ANTONETTA PINSKY",149800.19
115,"DOMINGO MORANO",103608.46
123,"DANIEL STRONG",120158.74
129,"RUSS VIOX",86958.24
134,"TODD SARTORIO",106603.5
140,"JARRED ISRAELSEN",78907.6
147,"NUMBERS HITZLER",199892.79
155,"TWILA COOLBETH",58221.39
162,"WILLIE CUNNINGHAM",60756.13
171,"GARY JENKINS",195495.2
177,"JEANNETTE HUNT",9220.85
184,"EDDIE DIETRICK",131007.56
190,"HASSIE GROGAN",125377.49
197,"ELIZABETH MARTINEZ",59805.65
205,"ROSEMARIE STEFANICH",180953.65
214,"CAMILA HILLWIG",52106.96
221,"DARCEL IGUS",62550.04
227,"NELSON KOSCHNITZKI",120025.3
236,"SANDY HEFFREN",14208.29
242,"STACIA GOLEMBA",2925.07
249,"LETTY HARIS",16184.07
255,"DELAINE UNTALAN",122294.77
262,"HEDWIG TALYOR",147124.06
268,"CHERYL PHILLIPS",135664.76
277,"EDRIS LIFFORD",57649.62
283,"JOLENE JOHANNESEN",101824.13
290,"DEBORAH TAYLOR",34137.41
299,"BELEN OGDEN",44631.63
303,"BARRETT HAYFORD",145115.85
312,"KISHA LEVEN",168071.78
316,"DARWIN DYKE",75889.73
323,"PATRINA ALMSTEADT",137367.67
331,"CLIFTON FALLDORF",197909.48
338,"GILBERTO WEIBEL",117412.59
344,"ROSEANNE LANTGEN",34386.15
353,"EDYTH SPINDLE",180582.33
359,"EDIE TAVERNIER",19651.2
366,"RUTHIE GERLACH",48620.02
372,"FLORIDA GILLIAND",173497.7
381,"PHYLIS ANDONIAN",106753.56
388,"SHAKITA SABLOCK",171983.03
396,"CLINTON BJERKE",146728.76
403,"HAROLD GRIFFIN",117828.34
409,"JON FOTE",7204.57
414,"IVETTE CORRETT",175371.14
420,"LUCRETIA KIRCHER",102055.15
429,"STEPHANIE VACCARELLO",133719.27
453,"OTHA MURTON",115141.01
455,"DELBERT KHATAK",77170.88
458,"ROY NONDORF",114374.46
461,"LAVETA WIDA",83780.04
464,"JUDSON KANTZ",102148.4
467,"RUPERT TARDY",8248.3
470,"GLENN CONEYS",71934.3
472,"JONATHON BOTNER",142561.45
476,"ARTHUR HILL",178143.98
478,"CAROLYN WOOD",30731.95
481,"KENNY CAMPOBASSO",145214.13
485,"ANDRIA MYLES",46622.88
488,"ALVIN GAGNER",162511.21
491,"AUGUST AROURI",56223.4
494,"HEIDY ROCKELMAN",65937.16
497,"BEVERLY HUGHES",193796.37
500,"LUCIANO LINGENFELTER",10805.47
504,"PAUL KELCOURSE",63086.46
507,"LUCIENNE BINSFELD",64474.27
511,"CELINDA MONK",179502.16
514,"JOSH VANDERSTELT",27897.48
517,"JARROD SEIDMAN",9458.74
521,"ERICK HICKOCK",57575.42
524,"DARCY PAPEN",110608.54
526,"STACY DALL",199986.16
529,"BROOKS CRAKER",199041.35
532,"VICTOR MORRIS",28233.13
535,"ANTONIO KOPER",61700.78
538,"ROSANNA SWASEY",52759.71
541,"XAVIER BETHEL",135991.13
544,"CARTER SACARELLO",41704.02
548,"EDWIN FANNINGS",181657.85
553,"TIFFANY PENA",148062.87
560,"THERESSA FORGEY",45181.3
566,"ROSELLE DUIS",197712.53
573,"DANN WIDERSKI",88335.47
579,"BARABARA SUDERS",183985.59
586,"DANTE MOOE",41202.94
592,"JUDY SKAPURA",80557.19
597,"HARRY POWELL",143798.3
603,"TYISHA MAASKE",40451.29
610,"BELLA OSTERFELD",55673.79
618,"LORILEE BAUTISTA",90432.96
625,"DARREL OYSTER",176581.27
631,"ADAM WALKER",153326.29
638,"CLEVELAND GASSERT",158226.9
647,"ZAVERT ZIMMER",189911.87
653,"STAR DICHIARO",135212.24
660,"SABRINA STOJANOVIC",161213.34
668,"ALEX BINETTE",109410.47
673,"NORBERTO FEBRE",27093.97
