{
    "backends": {
        "GenAI": {
            "servers": [
                {
                    "url": "https://inference.generativeai.us-chicago-1.oci.oraclecloud.com/20231130/actions",
                    "description": "20231130 Actions",
                    "x-vb": {
                        "authentication": {
                            "authenticated": {
                                "type": "http_signature_oci",
                                "credentials": "vb_a6b699b8-1e5e-4916-9a22-314c733459bf"
                            }
                        }
                    }
                }
            ]
        },
        "documentUnderstanding": {
            "servers": [
                {
                    "url": "https://document.aiservice.eu-frankfurt-1.oci.oraclecloud.com/20221109/actions",
                    "description": "20221109 Actions",
                    "x-vb": {
                        "authentication": {
                            "authenticated": {
                                "type": "http_signature_oci",
                                "credentials": "vb_39817e69-a850-4afc-9f3f-c465d387a6f7"
                            }
                        }
                    }
                }
            ]
        }
      }
}