size;mode;workers;reps;write (GiB/s);reads (GiB/s),write latency, read latency
4k;2;4;1;0207091;0093360;73.678963;163.439327
4k;2;4;2;0199588;0092584;76.450952;164.806880
4k;2;4;3;0195771;0094083;77.941752;162.182646
4k;2;4;4;0186512;0090837;81.810876;167.978775
8k;2;4;1;0380608;0176112;80.180665;173.317569
8k;2;4;2;0384799;0177121;79.307308;172.338884
8k;2;4;3;0380908;0166907;80.117318;182.942088
8k;2;4;4;0397695;0169711;76.735451;179.870846
16k;2;4;1;0800181;0326985;76.275263;186.683398
16k;2;4;2;0818124;0325534;74.602396;187.521801
16k;2;4;3;0850649;0332809;71.749960;183.390455
16k;2;4;4;0798208;0335610;76.463292;182.092158
32k;2;4;1;1964475;0635470;62.136676;192.108167
32k;2;4;2;1959755;0631607;62.285666;193.290335
32k;2;4;3;2001600;0648789;60.984527;188.170415
32k;2;4;4;1934659;0629465;63.093449;193.942038
64k;2;4;1;3325516;1262303;73.407655;193.374268
64k;2;4;2;3114490;1189545;78.393747;205.202045
64k;2;4;3;3377060;1250226;72.291681;195.245391
64k;2;4;4;3321830;1271161;73.489290;192.032569
128k;2;4;1;5032801;2344581;97.015642;208.194351
128k;2;4;2;5025475;2385333;97.146145;204.627728
128k;2;4;3;5032067;2292141;97.026433;212.967784
128k;2;4;4;5000904;2306059;97.623065;211.661653
256k;2;4;1;7304817;3496344;133.660288;279.154274
256k;2;4;2;7161497;3550073;136.325970;274.987813
256k;2;4;3;7161383;3640737;136.331083;268.103820
256k;2;4;4;7271909;3545378;134.263113;275.325206
512k;2;4;1;8600047;4597032;226.982553;424.648381
512k;2;4;2;8352150;4169971;233.738937;468.080084
512k;2;4;3;8684296;4198297;224.782772;465.059428
512k;2;4;4;8822003;4572932;221.282892;426.768065
1M;2;4;1;13032597;7376047;299.459124;529.077462
1M;2;4;2;11544003;6798055;338.139281;574.011646
1M;2;4;3;11802545;6959412;330.730117;560.892111
1M;2;4;4;12549446;7189295;310.978946;542.790533
2M;2;4;1;14296722;9215339;545.732929;847.145450
2M;2;4;2;14614163;9383211;533.972905;831.470690
2M;2;4;3;15134398;9695678;515.684969;805.045668
2M;2;4;4;13573546;9524955;575.031143;819.482731
4M;2;4;1;15121293;9234406;1031.692171;1688.296759
4M;2;4;2;13610720;9626478;1146.396756;1620.491451
4M;2;4;3;15078203;9358899;1034.173713;1666.566750
4M;2;4;4;13726931;9582112;1136.474167;1629.154053
8M;2;4;1;15091050;9902591;2065.504391;3145.154701
8M;2;4;2;13667250;10533286;2279.109949;2955.794876
8M;2;4;3;15137934;9797230;2055.926971;3178.356042
8M;2;4;4;13478317;10445394;2313.108866;2981.519455
16M;2;4;1;15094498;10817156;4118.053811;5729.731638
16M;2;4;2;13602619;10993934;4572.788324;5636.517578
16M;2;4;3;15099268;10816899;4120.198487;5730.762395
16M;2;4;4;14993243;11234357;4140.621186;5532.414724
4k;2;8;1;0197999;0096745;170.541210;315.448368
4k;2;8;2;0200727;0095974;163.413353;317.981267
4k;2;8;3;0192941;0086151;159.974407;354.266145
4k;2;8;4;0199198;0098194;159.226348;310.825970
8k;2;8;1;0380424;0158599;165.483317;384.994134
8k;2;8;2;0389834;0152424;157.755356;400.430640
8k;2;8;3;0382150;0162116;165.763219;376.595076
8k;2;8;4;0378756;0167398;166.533134;364.645619
16k;2;8;1;0790192;0303815;155.301121;401.806034
16k;2;8;2;0786187;0316423;155.609733;385.887393
16k;2;8;3;0779056;0303383;157.243331;402.543947
16k;2;8;4;0829839;0321454;147.123113;379.819102
32k;2;8;1;1709962;0664789;142.771446;367.631737
32k;2;8;2;1768134;0717094;138.145785;340.575324
32k;2;8;3;1724198;0753685;141.594992;323.945599
32k;2;8;4;1735549;0716021;140.712186;341.060494
64k;2;8;1;3347709;1483562;145.868379;329.160676
64k;2;8;2;3495778;1552597;139.972090;314.430238
64k;2;8;3;3457091;1571070;141.400379;310.955298
64k;2;8;4;3490808;1333695;139.936584;366.304238
128k;2;8;1;7140874;3188534;136.748200;306.103312
128k;2;8;2;7179167;3343547;135.994506;291.904735
128k;2;8;3;7334708;3330662;133.129271;293.027762
128k;2;8;4;6907157;3054882;141.372846;319.517839
256k;2;8;1;10952730;5474452;178.235328;356.358480
256k;2;8;2;10454876;5651196;186.751369;345.093344
256k;2;8;3;10568773;5600603;184.683549;348.297267
256k;2;8;4;10731362;5594747;181.900625;348.631613
512k;2;8;1;12654313;7374401;308.332550;528.768042
512k;2;8;2;12916733;7095091;302.064411;549.697620
512k;2;8;3;11258987;7161661;346.581265;544.701374
512k;2;8;4;13506019;7312548;288.790356;533.429406
1M;2;8;1;13632094;10260800;572.352436;759.869893
1M;2;8;2;13907390;10207812;561.177782;763.624289
1M;2;8;3;13305148;10284940;586.447738;757.573808
1M;2;8;4;13610527;10186791;573.318121;765.161322
2M;2;8;1;13489944;11381878;1156.994742;1369.266761
2M;2;8;2;15358662;11583903;1016.014148;1345.262863
2M;2;8;3;13420358;11565271;1163.280325;1347.958664
2M;2;8;4;15106636;11499173;1033.069124;1355.877964
4M;2;8;1;14266380;11597755;2187.131206;2691.148070
4M;2;8;2;14224281;12383363;2192.987856;2520.502144
4M;2;8;3;15173885;12134254;2056.310871;2574.377957
4M;2;8;4;13222108;12082585;2359.120113;2596.152465
8M;2;8;1;14994915;11371080;4146.635946;5473.688521
8M;2;8;2;13416470;11452448;4645.131073;5440.184886
8M;2;8;3;15000232;11876192;4150.468451;5254.315734
8M;2;8;4;13386420;11935008;4661.150782;5226.816094
16M;2;8;1;15040591;12173044;8255.096602;10206.263669
16M;2;8;2;13273253;12298193;9375.831732;10156.226782
16M;2;8;3;15014250;12167693;8293.599463;10239.057991
16M;2;8;4;13253115;11663629;9388.918649;10557.822867
4k;2;16;1;0165523;0071341;372.654442;855.578390
4k;2;16;2;0163408;0072470;373.743329;842.222852
4k;2;16;3;0150886;0069126;404.574357;882.979451
4k;2;16;4;0165805;0072249;368.150963;844.810625
8k;2;16;1;0326725;0133779;373.938713;912.537789
8k;2;16;2;0327334;0136719;373.124691;892.929942
8k;2;16;3;0335826;0140688;363.664798;867.684139
8k;2;16;4;0331395;0142064;368.749873;859.280426
16k;2;16;1;0645222;0274761;378.612477;888.639239
16k;2;16;2;0659533;0279259;370.384689;874.247174
16k;2;16;3;0668015;0271351;365.673465;899.754958
16k;2;16;4;0648307;0274764;376.920780;888.534435
32k;2;16;1;1284242;0592379;380.282149;824.463030
32k;2;16;2;1286884;0563134;379.584387;867.467790
32k;2;16;3;1288379;0560140;379.170683;872.229962
32k;2;16;4;1344137;0574145;363.532637;850.441724
64k;2;16;1;2673778;1113626;365.230092;876.961509
64k;2;16;2;2718480;1154593;359.234508;845.763741
64k;2;16;3;2740932;1121480;356.342610;871.255992
64k;2;16;4;2704326;1179790;361.101758;827.531013
128k;2;16;1;5633684;2375888;346.680424;821.698669
128k;2;16;2;5698404;2386545;342.768731;818.032206
128k;2;16;3;5732186;2184946;340.768792;893.602272
128k;2;16;4;5493627;2440770;355.588004;799.823683
256k;2;16;1;11967517;4800922;326.239374;812.995137
256k;2;16;2;11977984;4677484;325.931822;834.487920
256k;2;16;3;12092234;4684276;322.886299;833.221002
256k;2;16;4;12190693;4537955;320.248654;859.990000
512k;2;16;1;14506284;9947712;538.045127;783.751128
512k;2;16;2;14341041;9723915;544.071106;801.903785
512k;2;16;3;13980411;9921511;558.226643;785.763557
512k;2;16;4;13989716;10019479;557.720827;778.026741
1M;2;16;1;14019715;12196580;1113.466959;1277.658236
1M;2;16;2;13956307;12313131;1118.507532;1265.477109
1M;2;16;3;13942700;12269080;1119.392280;1269.412078
1M;2;16;4;13908680;12322870;1122.228323;1264.644850
2M;2;16;1;14036140;12995876;2224.391016;2398.157505
2M;2;16;2;14051384;13124524;2222.448903;2376.156554
2M;2;16;3;14133455;13070517;2209.539067;2384.573904
2M;2;16;4;14045388;13118935;2223.020369;2377.478216
4M;2;16;1;13946403;13216798;4476.407014;4714.380742
4M;2;16;2;14121622;13206989;4420.186706;4728.734480
4M;2;16;3;14770383;13332931;4232.335277;4677.620006
4M;2;16;4;14409685;13012684;4331.715093;4791.969091
8M;2;16;1;14106311;13781280;8851.836079;9072.752005
8M;2;16;2;14089340;13663782;8857.228274;9150.467197
8M;2;16;3;13970555;13810191;8933.057591;9088.423047
8M;2;16;4;13995774;13532536;8935.897994;9248.806868
16M;2;16;1;14227260;13895296;17530.476687;17933.509904
16M;2;16;2;14081238;13849658;17689.740397;18019.277290
16M;2;16;3;13988225;13815842;17771.200037;17996.539715
16M;2;16;4;14212856;13817484;17536.721540;17981.078443
4k;2;32;1;0159086;0070469;785.542385;1732.248525
4k;2;32;2;0151814;0070137;804.127060;1740.467480
4k;2;32;3;0161575;0071456;755.669528;1708.339039
4k;2;32;4;0164760;0069032;740.982291;1768.426928
8k;2;32;1;0316777;0133825;770.934966;1824.307438
8k;2;32;2;0330461;0133784;738.985771;1824.843949
8k;2;32;3;0307519;0127435;794.072699;1915.829968
8k;2;32;4;0321264;0134357;760.129953;1817.061741
16k;2;32;1;0621691;0265109;785.888853;1841.806189
16k;2;32;2;0619451;0257913;788.809747;1893.230464
16k;2;32;3;0644112;0257279;758.729969;1897.829526
16k;2;32;4;0627206;0255266;779.380435;1912.942840
32k;2;32;1;1247779;0534430;782.663249;1827.320235
32k;2;32;2;1273750;0552932;766.757926;1765.993223
32k;2;32;3;1290008;0498296;757.167714;1960.410980
32k;2;32;4;1249889;0531843;781.368456;1836.164185
64k;2;32;1;2684849;1117286;727.487074;1747.721613
64k;2;32;2;2607111;1026266;749.248229;1902.876554
64k;2;32;3;2567230;1029495;760.826861;1897.459860
64k;2;32;4;2580802;1148473;756.839392;1700.292093
128k;2;32;1;5321974;2390057;734.003985;1633.625779
128k;2;32;2;5201106;2116901;751.075832;1845.033142
128k;2;32;3;5354639;2256860;729.540451;1730.134306
128k;2;32;4;5268275;2300703;741.523275;1697.226637
256k;2;32;1;10050403;4536438;777.147588;1720.657233
256k;2;32;2;9436002;4554039;825.979318;1714.082230
256k;2;32;3;10460975;4582883;746.610385;1703.212168
256k;2;32;4;9140548;3945792;854.610699;1978.531375
512k;2;32;1;13654739;8873930;1143.222309;1757.587793
512k;2;32;2;14057950;8770807;1110.141120;1778.324116
512k;2;32;3;14010807;8826922;1114.247792;1766.950675
512k;2;32;4;13615601;7579016;1146.643295;2058.292282
1M;2;32;1;13809976;13229380;2261.433703;2356.447000
1M;2;32;2;13748031;13038681;2271.518523;2390.965433
1M;2;32;3;13840444;13116099;2256.122063;2375.827015
1M;2;32;4;13773012;13085965;2267.231740;2381.760257
2M;2;32;1;14288813;13697578;4370.195412;4551.032458
2M;2;32;2;14136194;13729100;4416.886268;4540.075549
2M;2;32;3;13833473;13787302;4514.912333;4520.383261
2M;2;32;4;13961397;13684884;4472.187732;4558.538627
4M;2;32;1;13900398;14202160;8982.951744;8773.360540
4M;2;32;2;14006646;14190644;8908.518474;8782.544035
4M;2;32;3;14243263;14222788;8769.730655;8767.366854
4M;2;32;4;14341930;14240811;8698.799345;8759.405791
8M;2;32;1;14221494;14465235;17528.414804;17184.151189
8M;2;32;2;14100235;14808102;17704.110150;16852.602635
8M;2;32;3;14206687;14728114;17583.357914;16909.803835
8M;2;32;4;14324927;14552163;17410.206624;17105.977118
16M;2;32;1;14277316;15228464;34896.846218;32711.408049
16M;2;32;2;14277435;14457075;34936.668488;34316.814445
16M;2;32;3;14529309;14353963;34282.518653;34412.803754
16M;2;32;4;14295280;14468551;34723.265606;34322.024637
4k;2;64;1;0129039;0058351;1892.020006;4184.073608
4k;2;64;2;0130265;0059843;1874.312018;4079.734398
4k;2;64;3;0133066;0056194;1834.882737;4344.776044
4k;2;64;4;0130646;0057921;1868.848884;4215.054828
8k;2;64;1;0271650;0113013;1798.177578;4320.613591
8k;2;64;2;0262131;0115895;1863.390028;4213.176912
8k;2;64;3;0278710;0113403;1752.304553;4305.751004
8k;2;64;4;0282897;0112689;1727.029904;4332.997426
16k;2;64;1;0537275;0216503;1818.023917;4510.612658
16k;2;64;2;0514880;0218022;1897.669605;4479.268493
16k;2;64;3;0545461;0219703;1792.443619;4444.987074
16k;2;64;4;0521458;0230249;1872.888875;4241.278860
32k;2;64;1;1080476;0450656;1807.832777;4333.783359
32k;2;64;2;1059990;0448982;1845.288477;4349.892088
32k;2;64;3;1092146;0462743;1788.473257;4220.529949
32k;2;64;4;1057559;0450361;1849.064118;4336.499621
64k;2;64;1;2340074;0903184;1669.891706;4324.422255
64k;2;64;2;2337707;0977249;1671.020001;3996.560211
64k;2;64;3;2185808;0957029;1787.136509;4081.027855
64k;2;64;4;2133624;0940541;1830.928249;4152.573484
128k;2;64;1;4452660;1753633;1754.818637;4454.028225
128k;2;64;2;4940109;2064236;1581.608451;3783.365226
128k;2;64;3;4834929;1999066;1615.957183;3906.928813
128k;2;64;4;4449679;2039225;1755.900357;3829.984686
256k;2;64;1;9571889;4352156;1632.375473;3587.555304
256k;2;64;2;8143446;4054707;1919.040595;3850.831037
256k;2;64;3;8312466;3744714;1879.718957;4170.013114
256k;2;64;4;8730494;4207317;1789.725781;3711.012714
512k;2;64;1;14459778;7953669;2159.962090;3923.268194
512k;2;64;2;14407762;6838487;2167.143763;4564.401051
512k;2;64;3;14514459;8045881;2150.819897;3878.536761
512k;2;64;4;14469206;7331432;2158.194942;4257.077437
1M;2;64;1;14399228;13464242;4338.766619;4629.452185
1M;2;64;2;14515066;13490506;4304.291456;4622.014105
1M;2;64;3;14565142;13394941;4288.474043;4655.210418
1M;2;64;4;14233957;13373584;4388.688865;4660.723374
2M;2;64;1;14705907;13874262;8491.172134;8989.107389
2M;2;64;2;14549981;13833310;8585.123411;9013.575770
2M;2;64;3;14450640;13885622;8639.260190;8982.344037
2M;2;64;4;14389778;13830809;8678.884282;9014.783081
4M;2;64;1;14477302;14346075;17220.845041;17385.359999
4M;2;64;2;14493038;14285640;17170.074131;17457.807009
4M;2;64;3;14465577;14325279;17235.877007;17381.008006
4M;2;64;4;14204967;14411342;17582.057437;17304.887886
8M;2;64;1;14439707;15450238;34504.381698;32275.561108
8M;2;64;2;14348090;14586767;34756.117438;34109.726686
8M;2;64;3;14508557;14459730;34339.872244;34397.146922
8M;2;64;4;14522210;14615986;34346.594344;34053.829513
16M;2;64;1;14346872;14520412;69014.731042;68028.083453
16M;2;64;2;14157957;14463390;70236.972645;68582.259800
16M;2;64;3;14553501;14771338;68730.117563;66916.796935
16M;2;64;4;14570285;14447109;68353.638835;68732.761027
4k;2;128;1;0136323;0061341;3681.198355;7960.154879
4k;2;128;2;0137657;0061614;3547.498951;7924.753304
4k;2;128;3;0123312;0059608;3959.855563;8191.531537
4k;2;128;4;0119796;0059761;4076.042754;8170.624857
8k;2;128;1;0227876;0106160;4285.608282;9199.243055
8k;2;128;2;0224415;0113967;4351.851098;8568.758991
8k;2;128;3;0224722;0105672;4345.899626;9241.611150
8k;2;128;4;0253573;0108389;3852.639914;9009.883734
16k;2;128;1;0489349;0213276;3991.511891;9157.728522
16k;2;128;2;0496760;0207338;3931.965638;9420.004680
16k;2;128;3;0488493;0213475;3998.728114;9149.365348
16k;2;128;4;0539044;0226282;3629.454837;8631.391881
32k;2;128;1;1058622;0428384;3692.621902;9118.492781
32k;2;128;2;1054158;0427418;3705.817595;9139.729411
32k;2;128;3;1056567;0428787;3697.490579;9110.004814
32k;2;128;4;0951173;0440503;4107.240809;8867.748324
64k;2;128;1;2270590;0908010;3442.051905;8603.089607
64k;2;128;2;2239131;0973961;3489.375139;8020.228802
64k;2;128;3;2198397;0911346;3554.082055;8571.510193
64k;2;128;4;2245399;0907445;3479.904640;8608.448677
128k;2;128;1;4682215;2031497;3337.501960;7689.098215
128k;2;128;2;4665322;1974498;3349.550837;7911.333646
128k;2;128;3;4230674;1986334;3693.783833;7864.559542
128k;2;128;4;4609238;1703927;3390.268338;9168.074356
256k;2;128;1;8486044;4175882;3683.033823;7478.164592
256k;2;128;2;8061833;4076354;3876.736925;7662.725399
256k;2;128;3;9138913;3626348;3419.706326;8613.726786
256k;2;128;4;8456261;3603905;3695.809663;8666.735203
512k;2;128;1;13750993;7087140;4543.462444;8809.487424
512k;2;128;2;14263427;7818150;4379.210356;7982.500298
512k;2;128;3;14061877;6770449;4442.215263;9221.303198
512k;2;128;4;13410695;6801682;4658.474357;9179.600003
1M;2;128;1;14205381;12016266;8793.167838;10381.600648
1M;2;128;2;14269074;11493081;8756.757768;10856.610582
1M;2;128;3;14103953;11616192;8858.964305;10739.805088
1M;2;128;4;14304017;11568384;8732.423758;10784.607856
2M;2;128;1;14284691;13611932;17484.298340;18321.439476
2M;2;128;2;14285527;13923201;17481.584062;17910.422709
2M;2;128;3;14421263;13491206;17314.509564;18486.816376
2M;2;128;4;14226585;13698075;17547.593824;18214.798230
4M;2;128;1;14340389;14498101;34809.042838;34402.387721
4M;2;128;2;14373251;14242932;34731.633399;35029.305079
4M;2;128;3;14395670;14519691;34641.979617;34323.638274
4M;2;128;4;14264168;14602020;34998.020319;34144.932689
8M;2;128;1;14356544;14447361;69435.805445;69024.795102
8M;2;128;2;14549063;14458632;68434.705445;68923.220357
8M;2;128;3;14252219;14717932;69957.179521;67656.456159
8M;2;128;4;13956109;14608564;71421.364207;68155.557958
16M;2;128;1;14418805;14630054;139223.286935;135889.587886
16M;2;128;2;14450975;14716327;138122.858529;135144.614431
16M;2;128;3;14598587;14662118;136761.923074;135710.546829
16M;2;128;4;14506582;13827688;138927.303823;143361.691966
4k;2;1;1;0078030;0029090;48.887547;131.133137
4k;2;1;2;0086453;0029247;44.124237;130.430755
4k;2;1;3;0085662;0029086;44.531885;131.151042
4k;2;1;4;0085663;0029173;44.531470;130.759368
8k;2;1;1;0166900;0064547;45.712229;118.198444
8k;2;1;2;0165242;0064348;46.170769;118.564563
8k;2;1;3;0164527;0064110;46.371491;119.003895
8k;2;1;4;0165711;0064706;46.040310;117.908089
16k;2;1;1;0316944;0105143;48.143118;145.122526
16k;2;1;2;0317773;0107264;48.017555;142.252617
16k;2;1;3;0311216;0108023;49.029219;141.254272
16k;2;1;4;0311832;0108944;48.932369;140.059017
32k;2;1;1;0582131;0202777;52.423244;150.495361
32k;2;1;2;0607441;0198405;50.238876;153.811665
32k;2;1;3;0587816;0202891;51.916233;150.410477
32k;2;1;4;0581698;0197927;52.462200;154.182659
64k;2;1;1;1015000;0349836;60.131737;174.461700
64k;2;1;2;1022148;0350439;59.711174;174.162262
64k;2;1;3;0993487;0346315;61.433800;176.233932
64k;2;1;4;1019124;0351595;59.888428;173.589218
128k;2;1;1;1615992;0647354;75.535721;188.555420
128k;2;1;2;1515794;0649163;80.529190;188.029648
128k;2;1;3;1521785;0628641;80.212173;194.166519
128k;2;1;4;1499987;0640384;81.377869;190.606781
256k;2;1;1;2084237;1163745;117.129456;209.763031
256k;2;1;2;2070279;1162421;117.919220;210.005249
256k;2;1;3;2065776;1146514;118.175842;212.905457
256k;2;1;4;2069756;1172491;117.948883;208.198608
512k;2;1;1;2521590;1483437;193.620728;329.092285
512k;2;1;2;2464579;1476603;198.100464;330.612732
512k;2;1;3;2533862;1475508;192.682922;330.859619
512k;2;1;4;2559019;1500189;190.788574;325.422424
1M;2;1;1;4179353;2681619;233.618286;364.043213
1M;2;1;2;4158114;2251570;234.811890;433.599731
1M;2;1;3;4138974;2653344;235.897461;367.808472
1M;2;1;4;4179995;2686935;233.583252;363.327637
2M;2;1;1;6381860;4316182;305.934814;452.255127
2M;2;1;2;6182146;4228645;315.820312;461.630127
2M;2;1;3;5955629;4181533;327.836670;466.824219
2M;2;1;4;6289397;4389577;310.433838;444.711182
4M;2;1;1;7636065;4450544;511.244629;877.116699
4M;2;1;2;7875147;4258973;495.704590;916.492676
4M;2;1;3;8519593;4113305;458.193848;949.008789
4M;2;1;4;6581264;4284997;593.171387;910.860840
8M;2;1;1;8537577;5053447;913.909180;1543.911133
8M;2;1;2;8588179;5287026;908.541992;1475.462891
8M;2;1;3;8108598;5088728;962.337891;1533.240234
8M;2;1;4;8723634;5387655;894.398438;1448.219727
16M;2;1;1;9253058;7186109;1684.640625;2168.802734
16M;2;1;2;8337815;7675171;1869.761719;2030.662109
16M;2;1;3;8496989;6754355;1834.703125;2308.080078
16M;2;1;4;8754191;6989616;1780.693359;2230.050781
size;mode;workers;reps;write (GiB/s);reads (GiB/s),write latency, read latency
4k;1;1;1;0191619;0044107;19.907694;86.487692
4k;1;1;2;0192897;0044250;19.775793;86.208510
4k;1;1;3;0191895;0044300;19.879004;86.110924
4k;1;1;4;0193269;0044323;19.737772;86.065095
8k;1;1;1;0328391;0101344;23.232569;75.281751
8k;1;1;2;0326862;0101109;23.341262;75.456845
8k;1;1;3;0324564;0100182;23.506468;76.155455
8k;1;1;4;0322983;0101102;23.621524;75.462160
16k;1;1;1;0536472;0144133;28.442614;105.865429
16k;1;1;2;0540198;0150442;28.246386;101.425955
16k;1;1;3;0532035;0157358;28.679819;96.968462
16k;1;1;4;0548441;0165497;27.821873;92.199356
32k;1;1;1;0794955;0241118;38.388538;126.566242
32k;1;1;2;0939959;0242342;32.466526;125.926880
32k;1;1;3;0801769;0242140;38.062206;126.031792
32k;1;1;4;0791423;0242233;38.559845;125.983887
64k;1;1;1;1060235;0403544;57.565994;151.245613
64k;1;1;2;1048542;0395654;58.208031;154.261826
64k;1;1;3;1044958;0388602;58.407700;157.061012
64k;1;1;4;1046687;0394007;58.311447;154.906532
128k;1;1;1;1352100;0654791;90.278061;186.420532
128k;1;1;2;1309438;0648482;93.218887;188.233673
128k;1;1;3;1255984;0647492;97.186783;188.521500
128k;1;1;4;1246061;0652467;97.960815;187.084045
256k;1;1;1;1366085;0900831;178.702911;271.003326
256k;1;1;2;1368422;0892984;178.397430;273.368469
256k;1;1;3;1346475;0904957;181.305847;269.761505
256k;1;1;4;1354866;0892283;180.183350;273.592438
512k;1;1;1;1403595;0971769;347.836853;502.400635
512k;1;1;2;1655474;0981001;294.922852;497.669312
512k;1;1;3;1467439;0877612;332.700745;556.312622
512k;1;1;4;1402852;0845537;348.019653;577.408997
1M;1;1;1;1649592;0897245;591.897827;1087.959839
1M;1;1;2;1617987;0903745;603.411133;1080.290771
1M;1;1;3;1634939;0976028;597.218628;1000.287842
1M;1;1;4;1619512;0886265;602.849854;1101.625000
2M;1;1;1;1696091;1102560;1150.940918;1770.541016
2M;1;1;2;1767583;1060132;1104.378906;1841.363525
2M;1;1;3;1634096;1093382;1194.641602;1785.356934
2M;1;1;4;1848097;1009762;1056.429199;1933.278320
4M;1;1;1;1775975;1272270;2197.214844;3067.024414
4M;1;1;2;1772860;1321407;2201.087891;2952.859375
4M;1;1;3;1735096;1349191;2249.958984;2892.009277
4M;1;1;4;1768002;1295027;2207.057617;3013.013184
8M;1;1;1;1636676;1513043;4764.377930;5152.042969
8M;1;1;2;1709281;1481851;4561.770508;5259.365234
8M;1;1;3;1882784;1451412;4139.731445;5374.585938
8M;1;1;4;1775730;1423931;4393.198242;5473.486328
16M;1;1;1;1733122;1389493;8980.179688;11202.486328
16M;1;1;2;1637637;1354824;9508.105469;11488.875000
16M;1;1;3;1633948;1318621;9540.326172;11804.882812
16M;1;1;4;1599366;1381030;9736.169922;11271.941406
4k;1;1;1;0186302;0043603;20.475856;87.486658
4k;1;1;2;0187404;0043572;20.355427;87.548766
4k;1;1;3;0186822;0044005;20.418856;86.688276
4k;1;1;4;0186470;0043610;20.457385;87.473728
8k;1;1;1;0322549;0100573;23.653276;75.859324
8k;1;1;2;0320584;0099871;23.798285;76.392112
8k;1;1;3;0325538;0100266;23.436124;76.090964
8k;1;1;4;0318435;0100054;23.958843;76.252439
16k;1;1;1;0542660;0166515;28.118267;91.635773
16k;1;1;2;0546462;0160143;27.922564;95.281742
16k;1;1;3;0547315;0163076;27.879122;93.568022
16k;1;1;4;0606681;0156569;25.150986;97.456703
32k;1;1;1;0813256;0262927;37.524563;116.067734
32k;1;1;2;0888901;0244515;34.331135;124.807522
32k;1;1;3;0819086;0261042;37.257561;116.905945
32k;1;1;4;0791201;0245537;38.570591;124.287964
64k;1;1;1;1146428;0397418;53.237755;153.577049
64k;1;1;2;1106358;0437152;55.165962;139.617569
64k;1;1;3;1093249;0398585;55.827797;153.127289
64k;1;1;4;1087248;0403653;56.135582;151.204773
128k;1;1;1;1267183;0644171;96.329887;189.497231
128k;1;1;2;1341136;0651078;91.017830;187.486145
128k;1;1;3;1351440;0646225;90.324249;188.893982
128k;1;1;4;1340916;0651767;91.032669;187.286652
256k;1;1;1;1368575;0902626;178.383530;270.468658
256k;1;1;2;1373124;0895587;177.792831;272.593445
256k;1;1;3;1370657;0871399;178.113022;280.160324
256k;1;1;4;1378201;0877695;177.137482;278.154510
512k;1;1;1;1402747;0900593;348.067932;542.143433
512k;1;1;2;1428823;0870023;341.712982;561.190887
512k;1;1;3;1419539;0869694;343.949799;561.404541
512k;1;1;4;1436849;0882981;339.804230;552.958099
1M;1;1;1;1785499;1173821;546.867432;831.832397
1M;1;1;2;1976717;1182872;493.955566;825.464050
1M;1;1;3;2007686;1268321;486.368835;769.854309
1M;1;1;4;1943755;1188285;502.335022;821.711975
2M;1;1;1;2457590;1695022;794.453857;1151.886108
2M;1;1;2;2567336;1702998;760.490356;1146.645752
2M;1;1;3;2670430;1524004;731.110229;1281.162231
2M;1;1;4;2835027;1734041;688.718994;1126.100342
4M;1;1;1;2968161;1616816;1314.989746;2414.474365
4M;1;1;2;3434588;1625577;1132.308105;2402.099854
4M;1;1;3;3028470;1667361;1288.754395;2341.226074
4M;1;1;4;2879286;1564725;1355.631104;2494.892578
8M;1;1;1;3317525;1796896;2350.729004;4341.759277
8M;1;1;2;3313041;1937733;2353.962891;4028.291992
8M;1;1;3;3207106;1630998;2431.877930;4783.922852
8M;1;1;4;3205063;1797260;2433.507812;4340.838867
16M;1;1;1;3129482;1851056;4977.048828;8420.690430
16M;1;1;2;3208969;1902089;4855.573242;8195.543945
16M;1;1;3;3153001;1877748;4941.812500;8308.010742
16M;1;1;4;3265478;1804392;4770.540039;8638.616211
4k;1;4;1;0548436;0172530;27.827630;88.441544
4k;1;4;2;0733044;0173000;20.817798;88.201256
4k;1;4;3;0741366;0173589;20.595705;87.901534
4k;1;4;4;0726410;0172606;21.006787;88.402411
8k;1;4;1;1257982;0323837;24.260417;94.276570
8k;1;4;2;1228963;0321682;24.831811;94.898470
8k;1;4;3;1237138;0318000;24.667463;95.977633
8k;1;4;4;1244590;0315421;24.522774;96.846488
16k;1;4;1;2074094;0539672;29.447885;113.105063
16k;1;4;2;2068895;0529072;29.506495;115.362994
16k;1;4;3;2038337;0524423;29.945059;116.386875
16k;1;4;4;2105271;0526303;28.995679;115.970421
32k;1;4;1;2773398;0898653;44.028685;135.840747
32k;1;4;2;2718259;0910416;45.207884;134.082784
32k;1;4;3;2946536;0954516;41.551979;127.936895
32k;1;4;4;2623609;0894284;46.525709;136.499247
64k;1;4;1;3909753;1519056;62.439646;160.713419
64k;1;4;2;4058130;1524228;60.172920;160.175577
64k;1;4;3;3916037;1526938;62.340392;159.887075
64k;1;4;4;4120693;1531326;59.619980;159.427344
128k;1;4;1;4569698;2477790;106.837108;197.037998
128k;1;4;2;4698336;2513330;103.920887;194.400651
128k;1;4;3;4836341;2496726;101.584412;195.546866
128k;1;4;4;4977570;2508804;98.804880;194.612075
256k;1;4;1;5168223;2931052;189.375181;333.108377
256k;1;4;2;5371693;3006223;182.974869;324.802245
256k;1;4;3;5444149;3035646;180.701604;321.658145
256k;1;4;4;5872990;2999303;167.497929;325.665866
512k;1;4;1;5150065;3186179;380.031183;612.786827
512k;1;4;2;5560846;3186673;352.047103;612.732497
512k;1;4;3;5181227;3239466;379.353500;602.710861
512k;1;4;4;5327927;3309107;370.529885;590.021134
1M;1;4;1;6838966;4130280;573.586233;945.237545
1M;1;4;2;6473524;4361744;602.953376;895.169770
1M;1;4;3;7398638;4317967;538.836968;904.117748
1M;1;4;4;6911031;4389159;566.056426;889.135005
2M;1;4;1;9540672;5170170;819.263110;1509.588874
2M;1;4;2;8535278;5133491;912.753565;1520.422908
2M;1;4;3;8964998;5014020;877.270924;1555.383550
2M;1;4;4;9079749;5049707;858.786198;1545.229806
4M;1;4;1;8721681;5448934;1805.990697;2871.171421
4M;1;4;2;10082003;5690251;1543.002438;2736.582727
4M;1;4;3;10031966;5792378;1561.891521;2687.816366
4M;1;4;4;9495744;5414331;1641.294822;2893.966551
8M;1;4;1;7602196;5767876;4107.891421;5380.349819
8M;1;4;2;9551368;5643568;3254.791185;5514.714807
8M;1;4;3;8666092;5433448;3582.114477;5733.820719
8M;1;4;4;9166348;5540856;3386.378431;5631.298129
16M;1;4;1;8431132;6396484;7318.665085;9698.139050
16M;1;4;2;9545806;5615572;6458.954328;10952.299691
16M;1;4;3;9223400;5220842;6708.334220;11892.446048
16M;1;4;4;9537119;5483099;6459.125617;11249.781561
4k;1;8;1;1220737;0346895;25.521507;87.973490
4k;1;8;2;1408416;0345476;21.673980;88.335046
4k;1;8;3;1409040;0346941;21.669299;87.961946
4k;1;8;4;1404656;0345333;21.731758;88.371353
8k;1;8;1;2409897;0604042;25.338118;101.052472
8k;1;8;2;2383422;0597163;25.641202;102.214467
8k;1;8;3;2388955;0604229;25.588030;101.046904
8k;1;8;4;2320877;0599906;26.302873;101.751467
16k;1;8;1;3868660;1070352;31.561250;114.057061
16k;1;8;2;3834086;1060605;31.837987;115.106267
16k;1;8;3;3958714;1065886;30.950288;114.529263
16k;1;8;4;3834051;1064010;31.857394;114.742463
32k;1;8;1;5017881;1819090;49.078939;134.350636
32k;1;8;2;4777228;1843688;51.173906;132.558503
32k;1;8;3;5187458;1814342;47.498614;134.564904
32k;1;8;4;4928557;1838197;49.741960;133.077164
64k;1;8;1;7516247;3004547;65.055198;162.509258
64k;1;8;2;7263936;3020240;67.431460;161.693891
64k;1;8;3;7395013;2996199;66.169297;162.996972
64k;1;8;4;7460793;3052528;65.641661;160.124847
128k;1;8;1;8771267;4712782;112.091362;207.221881
128k;1;8;2;8449798;4759189;116.073928;205.298056
128k;1;8;3;8995789;4718884;108.794737;206.948235
128k;1;8;4;8467839;4745981;115.840934;205.845786
256k;1;8;1;9816968;5642509;199.813444;346.033660
256k;1;8;2;9481248;5537186;206.679323;352.590565
256k;1;8;3;10067609;5675341;195.125699;344.297384
256k;1;8;4;9300718;5561725;209.923796;350.997170
512k;1;8;1;9726029;6151327;401.826385;634.809372
512k;1;8;2;10041793;5896838;390.032638;661.969929
512k;1;8;3;9620002;5933701;406.666389;658.126416
512k;1;8;4;10305495;5915319;379.316497;660.043840
1M;1;8;1;11300270;6865633;692.589240;1138.244020
1M;1;8;2;12164275;6843335;643.193641;1140.729593
1M;1;8;3;9895343;6930335;798.458972;1126.939389
1M;1;8;4;12688650;6875048;616.254293;1136.185765
2M;1;8;1;11630592;7141595;1344.297644;2190.327794
2M;1;8;2;14179013;7072561;1108.953238;2208.944243
2M;1;8;3;12467801;7057048;1259.500568;2218.823756
2M;1;8;4;14482865;7107025;1071.335257;2203.466960
4M;1;8;1;13195380;7891805;2361.449923;4012.781458
4M;1;8;2;10247706;6654478;3046.674090;4724.895456
4M;1;8;3;13066735;6694340;2371.367681;4686.636554
4M;1;8;4;10686327;6703753;2922.361231;4682.608931
8M;1;8;1;9262792;7069342;6802.280581;9086.734867
8M;1;8;2;8719284;6137316;7242.682543;10248.335462
8M;1;8;3;9435607;6192262;6703.907606;10160.439359
8M;1;8;4;8670988;10745232;7309.871725;5729.845915
16M;1;8;1;10984414;5423503;11124.701401;24088.061230
16M;1;8;2;9806340;5487901;12668.042088;22552.071384
16M;1;8;3;9908581;6806060;12443.334312;19367.731834
16M;1;8;4;9991434;6084423;12475.142941;20838.889452
4k;1;16;1;2194517;0683000;28.762280;89.364520
4k;1;16;2;2575646;0682384;23.697684;89.444393
4k;1;16;3;2571377;0683860;23.738664;89.251347
4k;1;16;4;2595864;0683507;23.517358;89.296777
8k;1;16;1;4319315;1156290;28.273548;105.572006
8k;1;16;2;4295176;1161383;28.424953;105.111779
8k;1;16;3;4298782;1159222;28.409863;105.306314
8k;1;16;4;4275386;1162637;28.562773;104.996399
16k;1;16;1;6708182;2054126;36.419332;118.855289
16k;1;16;2;6755100;2050701;36.192143;119.055188
16k;1;16;3;6711214;2062305;36.387739;118.390237
16k;1;16;4;6628421;2057921;36.834755;118.635987
32k;1;16;1;8762757;3490496;55.847294;139.903575
32k;1;16;2;8687521;3513884;56.318192;139.021043
32k;1;16;3;8510258;3453402;57.399844;141.389832
32k;1;16;4;8711151;3457663;56.135217;141.221741
64k;1;16;1;11406943;5571731;85.758788;175.258638
64k;1;16;2;11323187;5594149;86.339539;174.558040
64k;1;16;3;11156261;5670337;87.683151;172.288935
64k;1;16;4;11410736;5623962;85.645969;173.678243
128k;1;16;1;12591865;7992760;155.229777;244.331361
128k;1;16;2;13043257;7931935;149.714461;246.190809
128k;1;16;3;13010048;8003470;150.213787;243.991047
128k;1;16;4;13164824;8074383;148.652194;241.854767
256k;1;16;1;13523174;8459547;288.855418;461.827365
256k;1;16;2;13523611;8543072;288.966070;457.237524
256k;1;16;3;13634079;8118672;286.764580;481.699226
256k;1;16;4;13709499;8450288;284.808094;462.177188
512k;1;16;1;13978000;7952934;559.318453;989.940270
512k;1;16;2;14304007;7803781;545.494730;1009.425230
512k;1;16;3;14255039;7909811;547.658760;992.921378
512k;1;16;4;13763130;7701870;567.426046;1026.866479
1M;1;16;1;13518275;8486137;1155.026532;1868.356626
1M;1;16;2;13552913;10181121;1152.212256;1661.187674
1M;1;16;3;13592381;8034811;1147.125101;1997.947121
1M;1;16;4;13164580;8176835;1184.859809;2016.978042
2M;1;16;1;11673367;8001410;2672.048939;4099.897896
2M;1;16;2;12828871;8563005;2440.029381;3754.172549
2M;1;16;3;12343451;8197453;2522.782881;3956.108804
2M;1;16;4;11370587;7836781;2740.158768;4175.281581
4M;1;16;1;9706320;8593596;6992.748689;9263.382673
4M;1;16;2;12320799;7426908;5067.836569;11023.868589
4M;1;16;3;11264033;7199977;5576.172769;11309.219477
4M;1;16;4;11403581;7109076;5534.930955;10686.064951
8M;1;16;1;11060828;6828650;11688.949951;22414.644152
8M;1;16;2;10651090;6920388;13029.965612;23774.946334
8M;1;16;3;10587485;8408752;12198.436433;20976.628159
8M;1;16;4;10425085;7594889;12834.276162;16838.002194
16M;1;16;1;10882990;6389086;23836.483305;52139.019173
16M;1;16;2;11489459;6464054;22380.107592;52243.221063
16M;1;16;3;11377699;5423853;23478.188576;48144.651746
16M;1;16;4;11956914;6158242;21556.617075;42410.214027
4k;1;32;1;3498343;1347488;37.069957;90.591745
4k;1;32;2;4286074;1342709;28.487937;90.914185
4k;1;32;3;4338894;1349739;28.145470;90.440678
4k;1;32;4;4387218;1350304;27.834450;90.402048
8k;1;32;1;7173222;2260876;34.057247;107.985158
8k;1;32;2;7154241;2252489;34.163639;108.388619
8k;1;32;3;7174279;2262021;34.057865;107.932032
8k;1;32;4;7135572;2262464;34.234630;107.909320
16k;1;32;1;10217704;3957906;47.824618;123.374154
16k;1;32;2;10283016;3932627;47.530193;124.157746
16k;1;32;3;10200985;3942103;47.927735;123.863321
16k;1;32;4;10018769;3936386;48.766711;124.041449
32k;1;32;1;12337810;6455009;79.207139;151.283920
32k;1;32;2;12461152;6479832;78.370803;150.728239
32k;1;32;3;12454042;6477156;78.437962;150.765807
32k;1;32;4;13020127;6526759;75.030750;149.631107
64k;1;32;1;13629249;9481068;143.490004;205.987211
64k;1;32;2;13147713;9438619;148.548455;206.928097
64k;1;32;3;12728353;9391026;153.603914;207.980598
64k;1;32;4;12771694;9558058;152.932400;204.330259
128k;1;32;1;12952351;11428042;301.709040;342.453426
128k;1;32;2;13359682;11915594;292.597327;328.042729
128k;1;32;3;13565153;11785836;288.039072;331.552141
128k;1;32;4;13639174;11420558;286.493305;342.642898
256k;1;32;1;13306877;11473931;587.070266;681.866174
256k;1;32;2;13126339;11257624;594.912840;701.758360
256k;1;32;3;13052129;11237002;598.444078;700.520120
256k;1;32;4;12959915;11129116;602.732411;703.166523
512k;1;32;1;13170374;10196282;1185.269883;1579.817777
512k;1;32;2;13740319;11038373;1136.158648;1425.601124
512k;1;32;3;13617834;11600738;1147.071858;1362.747171
512k;1;32;4;13453251;10866196;1160.217521;1446.655395
1M;1;32;1;13174741;11366732;2370.731443;2803.043983
1M;1;32;2;13152690;10308794;2371.162601;3115.251091
1M;1;32;3;13010442;12112852;2398.857838;2685.901924
1M;1;32;4;13305864;10526847;2345.882265;3014.743470
2M;1;32;1;13301078;12777601;4679.747346;5807.374664
2M;1;32;2;13597809;11645145;4580.020647;5791.195041
2M;1;32;3;12950329;14921520;4803.401841;4739.991617
2M;1;32;4;13453067;9112440;4624.258217;7334.326140
4M;1;32;1;12931852;13566066;9640.279113;10214.268630
4M;1;32;2;12884294;11000901;9664.086867;12849.470216
4M;1;32;3;12024395;19264081;10402.073932;8172.476947
4M;1;32;4;12889029;13170271;9684.847668;10468.299595
8M;1;32;1;13222997;17336396;18817.363283;18542.570631
8M;1;32;2;12237577;14325148;20386.387549;19442.010520
8M;1;32;3;13116826;9643687;18992.270790;29544.459911
8M;1;32;4;13177820;16014395;18883.866308;18749.485994
16M;1;32;1;14025168;16930980;35288.870045;41083.946015
16M;1;32;2;14116325;15015569;35185.649280;42016.493233
16M;1;32;3;14230659;15529802;34658.223634;42002.217501
16M;1;32;4;13952856;16932294;35148.447074;40993.152211
4k;1;64;1;5009737;2612572;53.149229;93.448060
4k;1;64;2;6168070;2622858;39.597065;93.081306
4k;1;64;3;6090581;2626637;40.093341;92.947149
4k;1;64;4;6219730;2626609;39.256950;92.948494
8k;1;64;1;9797222;4357773;49.844166;112.046455
8k;1;64;2;9654695;4349934;50.588841;112.248515
8k;1;64;3;9882494;4332675;49.413035;112.696060
8k;1;64;4;9817434;4339853;49.743252;112.511126
16k;1;64;1;11836720;7280531;82.506312;134.129050
16k;1;64;2;12116241;7347201;80.604268;132.913352
16k;1;64;3;12067260;7332024;80.929883;133.186708
16k;1;64;4;11761313;7328977;83.055446;133.243121
32k;1;64;1;12594965;11328980;155.089106;172.391275
32k;1;64;2;12789622;11338840;152.717142;172.242891
32k;1;64;3;12587757;11321908;155.164501;172.496162
32k;1;64;4;12401866;11376860;157.489966;171.665657
64k;1;64;1;12929560;14599296;302.136831;267.627692
64k;1;64;2;12776262;13041436;305.731800;299.638722
64k;1;64;3;12800081;13286576;305.147705;293.971616
64k;1;64;4;12853709;13581373;303.876282;287.643936
128k;1;64;1;13218398;11774663;590.995427;663.751381
128k;1;64;2;12967048;12395959;602.438148;630.410190
128k;1;64;3;12955164;14383808;602.967679;543.716717
128k;1;64;4;13143475;12256878;594.323008;637.432796
256k;1;64;1;13050559;12391626;1196.851238;1263.822641
256k;1;64;2;13068568;12135490;1195.085709;1290.104158
256k;1;64;3;13105890;11864914;1191.636210;1317.836562
256k;1;64;4;13191563;11690215;1183.924289;1336.992900
512k;1;64;1;13180270;13303960;2368.783663;2357.414781
512k;1;64;2;13100789;14628015;2384.190001;2140.669683
512k;1;64;3;13209844;14483118;2361.430540;2160.783673
512k;1;64;4;13229784;12732891;2359.048560;2460.812361
1M;1;64;1;13172000;14761129;4737.011081;4263.034144
1M;1;64;2;13338023;13350528;4679.710174;4693.344933
1M;1;64;3;13364795;14388895;4671.148493;4384.342077
1M;1;64;4;13303500;14609927;4692.574329;4297.309463
2M;1;64;1;13459918;16469147;9277.782195;7622.134228
2M;1;64;2;13510702;14129781;9218.969312;8932.307773
2M;1;64;3;13264262;15112003;9388.134449;8315.189578
2M;1;64;4;13494235;14608645;9230.746678;8565.509210
4M;1;64;1;13832286;13047749;18028.432850;19219.512471
4M;1;64;2;13414640;15890910;18571.218778;15848.683995
4M;1;64;3;13585579;13815079;18383.345389;18309.136514
4M;1;64;4;13720765;12321302;18158.106186;20481.689437
8M;1;64;1;14126129;14088221;35242.734377;35509.692688
8M;1;64;2;12494367;18972514;39817.901610;26887.713855
8M;1;64;3;14029101;12237416;35470.479270;40887.283161
8M;1;64;4;14100105;20149261;35291.457101;25403.719467
16M;1;64;1;14150463;18732400;69724.659343;54453.130963
16M;1;64;2;13900971;17073059;71382.800165;64087.528492
16M;1;64;3;14160376;22089230;70334.513409;52176.336480
16M;1;64;4;14260312;19454623;69561.633301;57859.946100
4k;1;128;1;6369687;4701588;86.842847;103.860022
4k;1;128;2;4983986;3732628;97.968394;130.814840
4k;1;128;3;4876142;3907216;100.133224;124.970842
4k;1;128;4;4782559;3862151;102.093489;126.428576
8k;1;128;1;9557703;8064145;102.167066;121.094522
8k;1;128;2;9579888;8063654;101.932401;121.106094
8k;1;128;3;9775646;8089737;99.888638;120.711949
8k;1;128;4;9898360;8084784;98.653447;120.786517
16k;1;128;1;12005660;12826826;162.697776;152.257071
16k;1;128;2;12003875;12863612;162.829477;151.821338
16k;1;128;3;12011024;12760287;162.612089;153.055137
16k;1;128;4;12055507;12817892;162.105541;152.361609
32k;1;128;1;11951923;17030495;326.883960;229.361797
32k;1;128;2;12058381;16099640;323.914250;242.623151
32k;1;128;3;12056910;16039459;323.988960;243.544784
32k;1;128;4;11973506;15308158;326.217866;255.185781
64k;1;128;1;12316446;15970593;634.242833;489.130693
64k;1;128;2;12233803;15889785;638.539393;491.602633
64k;1;128;3;12413797;13487814;629.286206;579.236592
64k;1;128;4;12219125;13425208;639.425613;581.937213
128k;1;128;1;12879777;12683427;1212.813042;1231.794914
128k;1;128;2;12833397;18565690;1217.487445;841.413394
128k;1;128;3;12497933;12054426;1250.005117;1296.118468
128k;1;128;4;12651757;11849681;1235.260004;1318.438305
256k;1;128;1;12639835;15470560;2471.625650;2020.320421
256k;1;128;2;13089256;14192829;2385.979298;2202.469135
256k;1;128;3;12864088;13733202;2427.879919;2275.154543
256k;1;128;4;13102019;13754503;2383.875568;2272.065828
512k;1;128;1;13212800;16333876;4712.305371;3826.002651
512k;1;128;2;13301276;15623468;4693.874164;4001.445565
512k;1;128;3;13404885;15899156;4657.977968;3933.225302
512k;1;128;4;13475286;14661424;4637.429839;4263.967445
1M;1;128;1;13555590;18404299;9211.877289;6789.331287
1M;1;128;2;13417267;20461562;9297.513751;6104.855387
1M;1;128;3;13407672;18815880;9314.301122;6639.363068
1M;1;128;4;13313682;14834941;9380.687154;8427.710180
2M;1;128;1;13722958;15194567;18174.744872;16393.118867
2M;1;128;2;13760327;24998530;18142.691478;9960.601078
2M;1;128;3;12483014;19077265;19977.006917;13097.646816
2M;1;128;4;13840821;18294408;18015.532206;13649.573946
4M;1;128;1;14015330;15685175;35561.033103;31745.763300
4M;1;128;2;13961924;18496206;35633.320855;26954.926798
4M;1;128;3;14043054;19338359;35447.711560;25771.771248
4M;1;128;4;14036986;16034111;35527.640607;31207.486602
8M;1;128;1;14027659;21350102;70810.325416;46489.944975
8M;1;128;2;14147034;23388353;70241.976283;42338.981458
8M;1;128;3;14188086;17079226;70299.567995;58693.045357
8M;1;128;4;14171030;14714968;70315.643190;67842.617530
16M;1;128;1;14160858;16903308;142679.189337;116295.593252
16M;1;128;2;14132287;25345880;142447.116651;76905.084769
16M;1;128;3;14095876;24621395;142092.655615;79313.922567
16M;1;128;4;14296786;24715554;141112.349234;78992.297505
size;mode;workers;reps;write (GiB/s);reads (GiB/s),write latency, read latency
4k;0;1;1;0101259;0031508;37.672678;121.068481
4k;0;1;2;0110609;0031518;34.487978;121.032724
4k;0;1;3;0109421;0031433;34.862596;121.359991
4k;0;1;4;0109752;0031466;34.757351;121.232596
8k;0;1;1;0203868;0071149;37.423086;107.229887
8k;0;1;2;0203924;0070944;37.412733;107.540300
8k;0;1;3;0204179;0070844;37.365997;107.692942
8k;0;1;4;0203483;0071102;37.493859;107.300749
16k;0;1;1;0376688;0123610;40.507446;123.441582
16k;0;1;2;0377399;0121702;40.431143;125.376331
16k;0;1;3;0381782;0122853;39.966928;124.202141
16k;0;1;4;0383932;0129652;39.743103;117.688799
32k;0;1;1;0657797;0215571;46.393028;141.563641
32k;0;1;2;0662295;0217312;46.077900;140.428577
32k;0;1;3;0659906;0234850;46.244743;129.942059
32k;0;1;4;0666231;0216407;45.805695;141.016838
64k;0;1;1;1130955;0385277;53.966476;158.414139
64k;0;1;2;1085391;0403929;56.232018;151.096329
64k;0;1;3;1123162;0383953;54.341064;158.959328
64k;0;1;4;1087256;0386851;56.135445;157.766739
128k;0;1;1;1629684;0718675;74.901260;169.841751
128k;0;1;2;1682549;0723776;72.548126;168.643784
128k;0;1;3;1628971;0723702;74.934097;168.660599
128k;0;1;4;1628680;0711719;74.947617;171.499619
256k;0;1;1;2082887;1262613;117.206238;193.337921
256k;0;1;2;2078815;1252800;117.435791;194.852966
256k;0;1;3;2082946;1252523;117.203003;194.893250
256k;0;1;4;2084044;1256286;117.140625;194.306305
512k;0;1;1;2385563;1618348;204.664307;301.653625
512k;0;1;2;2471753;1331906;197.526855;366.538940
512k;0;1;3;2399263;1762894;203.493835;276.930725
512k;0;1;4;2452925;1597033;199.041687;305.677185
1M;0;1;1;2726430;1748705;358.130737;558.321655
1M;0;1;2;3012183;1670757;324.150635;584.360718
1M;0;1;3;2749052;1945261;355.184448;501.893799
1M;0;1;4;2750186;1925886;355.036865;506.938110
2M;0;1;1;3059528;1948618;638.202148;1001.954102
2M;0;1;2;3029193;1901035;644.568359;1027.006104
2M;0;1;3;3035069;1971872;643.339844;990.088135
2M;0;1;4;3191615;1859280;611.782227;1050.081299
4M;0;1;1;3156642;3226345;1236.845703;1209.896484
4M;0;1;2;3398653;3008519;1148.732910;1297.491699
4M;0;1;3;3186416;3154291;1225.288086;1237.557129
4M;0;1;4;3188704;3411779;1224.383301;1144.168945
8M;0;1;1;3426120;4253283;2277.713867;1834.494141
8M;0;1;2;3412140;4510216;2287.248047;1730.136719
8M;0;1;3;3236101;4003485;2411.817383;1949.113281
8M;0;1;4;3227804;4003790;2417.990234;1948.746094
16M;0;1;1;3438865;4714002;4534.548828;3307.460938
16M;0;1;2;3267321;4485132;4773.054688;3475.267578
16M;0;1;3;3378444;4450794;4615.816406;3502.775391
16M;0;1;4;3442689;4569956;4529.582031;3410.964844
4k;0;1;1;0108387;0031190;35.195224;122.306105
4k;0;1;2;0108644;0031256;35.111949;122.044899
4k;0;1;3;0109772;0031311;34.751019;121.833149
4k;0;1;4;0107887;0031189;35.358043;122.307780
8k;0;1;1;0201428;0069799;37.876369;109.304209
8k;0;1;2;0208710;0070260;36.554823;108.587774
8k;0;1;3;0203370;0070517;37.514768;108.191107
8k;0;1;4;0206156;0070587;37.007641;108.084256
16k;0;1;1;0386593;0120682;39.469545;126.436283
16k;0;1;2;0392763;0123187;38.849524;123.864645
16k;0;1;3;0383598;0120635;39.777712;126.485716
16k;0;1;4;0384561;0123496;39.678110;123.555683
32k;0;1;1;0677365;0213268;45.052731;143.092087
32k;0;1;2;0692408;0213023;44.073753;143.256889
32k;0;1;3;0677032;0213860;45.074749;142.694851
32k;0;1;4;0671151;0211515;45.469776;144.277954
64k;0;1;1;1146225;0375617;53.247406;162.487167
64k;0;1;2;1200011;0378796;50.860779;161.123619
64k;0;1;3;1136681;0379817;53.694481;160.687988
64k;0;1;4;1148325;0377864;53.150017;161.520073
128k;0;1;1;1741472;0697659;70.094490;174.965347
128k;0;1;2;1712133;0694379;71.295700;175.791771
128k;0;1;3;1727365;0692434;70.666946;176.284317
128k;0;1;4;1758912;0713691;69.399300;171.034431
256k;0;1;1;2203291;1238973;110.803604;197.038406
256k;0;1;2;2226868;1259819;109.630539;193.777451
256k;0;1;3;2158854;1247767;113.084442;195.648666
256k;0;1;4;2199963;1247881;110.970795;195.629456
512k;0;1;1;2607447;1541262;187.254242;316.775208
512k;0;1;2;2575740;1559727;189.559723;313.009857
512k;0;1;3;2564291;1283343;190.406189;380.446350
512k;0;1;4;2592596;1564530;188.326294;312.049744
1M;0;1;1;3548755;2938388;275.165833;332.289062
1M;0;1;2;4001935;2980096;244.003601;327.635254
1M;0;1;3;3553269;2955734;274.815857;330.329834
1M;0;1;4;3551201;2552831;274.973450;382.477295
2M;0;1;1;3948500;5398626;494.578125;361.683960
2M;0;1;2;3948070;5354148;494.631958;364.668457
2M;0;1;3;4369164;5429000;446.951416;359.660156
2M;0;1;4;3955471;5417263;493.706421;360.442017
4M;0;1;1;4312292;4855247;905.591553;804.263184
4M;0;1;2;4167159;4631508;937.140869;843.048584
4M;0;1;3;4149295;4639003;941.173584;841.679443
4M;0;1;4;4177767;4661662;934.759277;837.595215
8M;0;1;1;4315059;6775989;1809.588867;1152.072266
8M;0;1;2;4297890;6644916;1816.825684;1174.837891
8M;0;1;3;4310462;6353553;1811.524414;1228.710449
8M;0;1;4;4294293;6502677;1818.348633;1200.526855
16M;0;1;1;4361722;9673911;3578.788086;1612.693359
16M;0;1;2;4363998;10340099;3576.895508;1508.459961
16M;0;1;3;4739481;9208358;3293.213867;1694.705078
16M;0;1;4;4370346;9670969;3571.732422;1613.727539
4k;0;4;1;0309361;0095178;49.323470;160.318786
4k;0;4;2;0329471;0090650;46.312889;168.325580
4k;0;4;3;0341168;0095810;44.725063;159.260282
4k;0;4;4;0366052;0097730;41.684666;156.131095
8k;0;4;1;0645392;0172874;47.285145;176.591722
8k;0;4;2;0701671;0183463;43.492432;166.372136
8k;0;4;3;0655492;0180543;46.556508;169.078802
8k;0;4;4;0695883;0192710;43.854162;158.416160
16k;0;4;1;1322062;0373759;46.166295;163.299231
16k;0;4;2;1220199;0354080;50.020316;172.379761
16k;0;4;3;1305657;0374194;46.746365;163.108427
16k;0;4;4;1217410;0369466;50.134956;165.198367
32k;0;4;1;2273918;0724304;53.681854;168.529176
32k;0;4;2;2314434;0699698;52.742424;174.455221
32k;0;4;3;2362418;0715137;51.673110;170.690592
32k;0;4;4;2403748;0709738;50.782147;171.988632
64k;0;4;1;3747341;1371524;65.150863;177.997974
64k;0;4;2;3679466;1392217;66.351974;175.351423
64k;0;4;3;3603620;1400561;67.749339;174.306686
64k;0;4;4;3713322;1378547;65.748782;177.090666
128k;0;4;1;4515190;2610062;108.143096;187.066449
128k;0;4;2;4506287;2573695;108.368477;189.710407
128k;0;4;3;4538483;2612700;107.614186;186.877329
128k;0;4;4;4503525;2594634;108.425945;188.174102
256k;0;4;1;4928248;3589134;198.152618;272.065327
256k;0;4;2;4935173;3630522;197.887096;268.962127
256k;0;4;3;4922373;3592999;198.418623;271.772921
256k;0;4;4;4944133;3617235;197.532052;269.954915
512k;0;4;1;5058127;4502602;386.124603;433.812262
512k;0;4;2;5013701;4314282;389.545582;452.704957
512k;0;4;3;5016420;4579284;389.328856;426.470693
512k;0;4;4;5064614;4706446;385.669305;414.948382
1M;0;4;1;5166616;7468309;756.371297;522.955177
1M;0;4;2;5162273;7643119;756.794011;511.007697
1M;0;4;3;5169095;7516844;755.699569;519.573958
1M;0;4;4;5173787;7533288;755.041049;518.437577
2M;0;4;1;5080429;13006304;1539.404225;600.447979
2M;0;4;2;5158931;12999482;1514.150942;600.815839
2M;0;4;3;5103883;13201158;1530.503277;591.667829
2M;0;4;4;5100665;13273630;1531.451780;588.350995
4M;0;4;1;5178300;17664291;3016.498491;884.219941
4M;0;4;2;5174414;17405932;3018.796420;897.395055
4M;0;4;3;5130583;17737140;3044.668117;880.424276
4M;0;4;4;5173580;17667897;3019.353376;884.289859
8M;0;4;1;4825092;19548100;6476.739019;1599.608368
8M;0;4;2;4856633;19499594;6431.123017;1601.356478
8M;0;4;3;4842121;19304173;6450.458230;1618.705908
8M;0;4;4;4900678;20049763;6372.990594;1557.590293
16M;0;4;1;4523697;19920135;13802.119494;3133.371148
16M;0;4;2;4565266;20145490;14186.770096;3099.573305
16M;0;4;3;4586748;20228154;13612.533694;3090.636540
16M;0;4;4;4601324;20135483;13569.387568;3102.910139
4k;0;8;1;0311142;0075210;98.184371;405.769655
4k;0;8;2;0331107;0073589;92.194322;414.707812
4k;0;8;3;0310525;0071358;98.358070;427.675019
4k;0;8;4;0332841;0073809;91.763497;413.481135
8k;0;8;1;0640330;0139721;95.368002;436.855346
8k;0;8;2;0662991;0143941;92.076507;424.033273
8k;0;8;3;0678077;0149209;90.026846;409.057705
8k;0;8;4;0648401;0141514;94.152327;431.308253
16k;0;8;1;1411330;0291603;86.499945;418.620616
16k;0;8;2;1302606;0293202;93.721490;416.346400
16k;0;8;3;1239763;0279843;98.468882;436.231681
16k;0;8;4;1343724;0288102;90.848250;423.723777
32k;0;8;1;2827290;0584160;86.352045;417.947305
32k;0;8;2;2829255;0585283;86.293875;417.142485
32k;0;8;3;2740531;0592255;89.094777;412.249533
32k;0;8;4;2644219;0571978;92.337691;426.884884
64k;0;8;1;4839121;1107954;100.903638;440.757974
64k;0;8;2;4804378;1160160;101.631806;420.888867
64k;0;8;3;4892253;1140473;99.807068;428.179010
64k;0;8;4;4818532;1128071;101.334003;432.885697
128k;0;8;1;5143408;2417258;189.882959;404.022028
128k;0;8;2;5141521;2406384;189.934903;405.848793
128k;0;8;3;5148259;2418018;189.692026;403.897540
128k;0;8;4;5142259;2336481;189.909906;417.974943
256k;0;8;1;5164877;5161338;378.153195;378.390532
256k;0;8;2;5168946;4847327;377.857948;402.912199
256k;0;8;3;5168892;4617161;377.858267;423.009931
256k;0;8;4;5168928;4833196;377.859594;404.085999
512k;0;8;1;5177104;7999548;754.941410;488.284477
512k;0;8;2;5174860;8210788;754.862965;475.708088
512k;0;8;3;5177624;8218739;754.826108;475.291978
512k;0;8;4;5178046;8194966;754.768913;476.666832
1M;0;8;1;5180793;13977368;1511.993535;558.821995
1M;0;8;2;5180179;13982177;1509.966091;558.613634
1M;0;8;3;5180847;14156324;1510.213621;551.742441
1M;0;8;4;5181004;14074742;1513.010750;554.955393
2M;0;8;1;5175834;18498792;3018.411264;844.323294
2M;0;8;2;5175696;18472835;3018.650302;845.623078
2M;0;8;3;5175959;18495953;3018.381110;844.508488
2M;0;8;4;5175397;18327745;3018.587089;852.301086
4M;0;8;1;4949727;20450164;6311.683884;1529.205526
4M;0;8;2;4920494;20514668;6349.220418;1523.443692
4M;0;8;3;4937826;20284335;6327.364140;1540.203147
4M;0;8;4;4914387;20416620;6357.753784;1531.441111
8M;0;8;1;4608533;20904299;13554.362151;2991.530140
8M;0;8;2;4631758;21060663;13486.407528;2965.651378
8M;0;8;3;4636713;21005234;13471.892126;2981.333085
8M;0;8;4;4710869;21133583;13282.712346;2958.680189
16M;0;8;1;4553086;20570315;27425.267633;6079.902864
16M;0;8;2;4650932;20254952;26853.295963;6170.334316
16M;0;8;3;4547351;20505293;27461.428647;6095.899330
16M;0;8;4;4715776;20415818;26482.716182;6128.535721
4k;0;16;1;0252382;0074847;241.953793;815.476242
4k;0;16;2;0253815;0073845;240.516780;826.545608
4k;0;16;3;0262893;0075861;232.194121;804.577673
4k;0;16;4;0249097;0074361;245.180617;820.805218
8k;0;16;1;0532300;0147749;229.380670;826.209968
8k;0;16;2;0512440;0141973;238.251667;859.824692
8k;0;16;3;0518897;0148122;235.278754;824.123260
8k;0;16;4;0511328;0143995;238.754013;847.755932
16k;0;16;1;0966556;0285240;252.799223;855.926364
16k;0;16;2;1070439;0290777;228.094597;839.677969
16k;0;16;3;1028549;0288936;237.412424;844.982340
16k;0;16;4;1051651;0291583;232.187202;837.300085
32k;0;16;1;2121641;0573230;230.153736;851.843588
32k;0;16;2;1988746;0569613;245.569351;857.261173
32k;0;16;3;2062756;0561144;236.758795;870.186621
32k;0;16;4;2033900;0573356;240.087599;851.632833
64k;0;16;1;4153426;1106096;235.134234;882.939935
64k;0;16;2;4020696;1185654;242.890659;823.665130
64k;0;16;3;3877268;1123351;251.875907;869.406713
64k;0;16;4;3952749;1119715;247.073103;872.149652
128k;0;16;1;5151684;2332310;379.127299;837.444537
128k;0;16;2;5152277;2322764;379.077839;840.868443
128k;0;16;3;5152592;2352244;379.055336;830.333573
128k;0;16;4;5151994;2387551;379.099601;818.074156
256k;0;16;1;5168788;4645652;755.735261;840.840779
256k;0;16;2;5168925;4695577;755.721240;831.915470
256k;0;16;3;5166704;4565823;756.041527;855.664624
256k;0;16;4;5165240;4805953;756.256038;812.836021
512k;0;16;1;5177497;9382368;1509.013556;832.809932
512k;0;16;2;5174189;9686292;1510.856650;806.513809
512k;0;16;3;5176513;9496055;1509.179064;822.730448
512k;0;16;4;5177672;9020311;1509.408578;866.253773
1M;0;16;1;5178862;18202636;3018.868298;858.243401
1M;0;16;2;5179188;17701807;3019.967571;882.507712
1M;0;16;3;5179909;17457047;3018.209601;894.902847
1M;0;16;4;5175808;17912302;3020.416198;872.149700
2M;0;16;1;4947416;18977605;6315.787497;1646.364866
2M;0;16;2;4941433;19113782;6323.352724;1634.666460
2M;0;16;3;4971308;19209376;6285.662367;1626.392264
2M;0;16;4;4928525;19038228;6339.981774;1641.035825
4M;0;16;1;4655176;21026604;13422.164173;2972.929037
4M;0;16;2;4776197;21148347;13083.920271;2955.223626
4M;0;16;3;4840726;21317119;12909.713471;2931.292356
4M;0;16;4;4658641;21212506;13412.072614;2945.671819
8M;0;16;1;4523688;21354795;27617.442760;5851.976336
8M;0;16;2;4530414;21285063;27583.099812;5873.253355
8M;0;16;3;4548112;21294564;27471.001483;5874.047294
8M;0;16;4;4546724;21255772;27483.610893;5882.298325
16M;0;16;1;4578674;21388515;54548.735677;11679.995605
16M;0;16;2;4620757;21396474;54059.172768;11676.805126
16M;0;16;3;4788977;21568636;52156.117493;11583.463525
16M;0;16;4;4496957;21312422;55554.225032;11721.971703
4k;0;32;1;0239248;0072174;510.426397;1691.330862
4k;0;32;2;0256103;0072880;476.662558;1674.947657
4k;0;32;3;0246615;0073719;494.995653;1655.882848
4k;0;32;4;0242130;0072137;504.185855;1692.202742
8k;0;32;1;0464034;0136685;526.186539;1786.152400
8k;0;32;2;0500028;0142003;488.268634;1719.271236
8k;0;32;3;0497705;0139293;490.573803;1752.716093
8k;0;32;4;0497464;0141815;490.778838;1721.544290
16k;0;32;1;1014357;0285354;481.378827;1711.128764
16k;0;32;2;1024882;0277748;476.438262;1757.987626
16k;0;32;3;0950088;0272685;513.964722;1790.631415
16k;0;32;4;0946187;0268314;516.073295;1819.800498
32k;0;32;1;1917389;0556765;509.334750;1753.974165
32k;0;32;2;2100744;0576373;464.870968;1694.303213
32k;0;32;3;1950590;0554788;500.661288;1760.219839
32k;0;32;4;1965894;0559927;496.759821;1744.068127
64k;0;32;1;3801709;1115462;513.759535;1750.912110
64k;0;32;2;3685845;1057177;529.907335;1847.450958
64k;0;32;3;3970029;1107586;491.980504;1763.360705
64k;0;32;4;3852123;1091912;507.036196;1788.679612
128k;0;32;1;5148120;2127223;758.777274;1836.279271
128k;0;32;2;5150237;2281573;758.457901;1712.047206
128k;0;32;3;5148110;2325088;758.772920;1679.993379
128k;0;32;4;5149944;2233623;758.503986;1748.794701
256k;0;32;1;5167867;4633811;1511.746083;1685.873819
256k;0;32;2;5167292;4421450;1511.914785;1766.877714
256k;0;32;3;5166482;4687017;1512.158473;1666.747279
256k;0;32;4;5167795;4685206;1511.770108;1667.396447
512k;0;32;1;5175728;8930742;3020.099998;1749.427898
512k;0;32;2;5171052;9419388;3021.699535;1658.736367
512k;0;32;3;5167853;8619610;3024.175251;1812.606340
512k;0;32;4;5171427;8911988;3021.724645;1753.128922
1M;0;32;1;5013729;17006160;6235.182886;1837.287566
1M;0;32;2;5005740;17205511;6243.331377;1816.037144
1M;0;32;3;5005158;16425084;6245.675395;1902.289660
1M;0;32;4;5013833;16039701;6234.464855;1947.961539
2M;0;32;1;4675701;18460096;13365.224236;3385.102602
2M;0;32;2;4676944;18612802;13361.462158;3357.098417
2M;0;32;3;4687257;18345306;13332.053646;3406.287234
2M;0;32;4;4774035;18824485;13090.340845;3319.397800
4M;0;32;1;4655858;20808921;26842.986187;6005.764022
4M;0;32;2;4884219;21531929;25587.578113;5804.221755
4M;0;32;3;4868338;21427937;25670.728965;5832.546929
4M;0;32;4;4576774;20822913;27306.131623;6001.991967
8M;0;32;1;4729642;21476492;52836.628128;11637.019742
8M;0;32;2;4650206;21435943;53735.710433;11659.836666
8M;0;32;3;4534228;21331287;55118.214915;11716.661179
8M;0;32;4;4539324;21322232;55052.283472;11722.147710
16M;0;32;1;4784736;21488478;104418.918854;23254.055057
16M;0;32;2;4798468;21599017;104105.254116;23132.151503
16M;0;32;3;4520235;21312042;110519.192247;23447.155642
16M;0;32;4;4787719;21584365;104326.027653;23151.997492
4k;0;64;1;0216982;0066123;1126.283153;3692.171235
4k;0;64;2;0207243;0064459;1178.063704;3787.524970
4k;0;64;3;0210785;0063780;1158.277997;3827.878631
4k;0;64;4;0224026;0066788;1089.799690;3655.411255
8k;0;64;1;0435856;0123400;1120.295275;3956.857144
8k;0;64;2;0430349;0126740;1134.627902;3852.564598
8k;0;64;3;0430023;0130547;1135.490070;3740.195069
8k;0;64;4;0423686;0123598;1152.482067;3950.580457
16k;0;64;1;0851597;0244494;1146.766867;3994.111901
16k;0;64;2;0832941;0256052;1172.466480;3813.767167
16k;0;64;3;0917153;0247618;1064.797978;3943.740726
16k;0;64;4;0929510;0261709;1050.653912;3731.303355
32k;0;64;1;1784668;0521178;1094.458030;3747.179224
32k;0;64;2;2005221;0523037;974.053677;3733.867403
32k;0;64;3;1835123;0500055;1064.350096;3905.493543
32k;0;64;4;1904122;0532783;1025.805736;3665.531738
64k;0;64;1;3582791;1062240;1090.349011;3676.674071
64k;0;64;2;3929903;1012377;994.041558;3857.819652
64k;0;64;3;3942669;1120151;990.830324;3486.526046
64k;0;64;4;3872484;1029189;1008.781467;3794.750286
128k;0;64;1;5147056;2250769;1517.983082;3469.692468
128k;0;64;2;5152850;2233002;1516.197102;3497.168762
128k;0;64;3;5146693;2226759;1518.033623;3507.065554
128k;0;64;4;5142242;2231379;1519.333091;3499.815634
256k;0;64;1;5168755;4470803;3023.023785;3491.952290
256k;0;64;2;5165907;4430370;3024.854749;3523.887254
256k;0;64;3;5168665;4360754;3023.347328;3580.163382
256k;0;64;4;5169667;4515416;3022.679905;3457.765659
512k;0;64;1;4958303;7746997;6302.686190;4027.871047
512k;0;64;2;4984487;8874798;6316.423047;3515.527358
512k;0;64;3;4978353;9072067;6290.311260;3438.724765
512k;0;64;4;4968577;8153843;6293.853003;3826.847816
1M;0;64;1;4832330;16614358;12959.800130;3749.354004
1M;0;64;2;4827451;14987352;12957.377773;4158.150805
1M;0;64;3;4837921;16609171;12947.933827;3750.864974
1M;0;64;4;4828292;16897449;12961.742520;3687.269157
2M;0;64;1;4606510;18199555;27103.272976;6844.142060
2M;0;64;2;4612330;18213939;27068.113070;6840.624380
2M;0;64;3;4620557;18328531;27001.893766;6797.804463
2M;0;64;4;4662571;18526136;26776.329240;6723.391456
4M;0;64;1;4815267;21222720;51749.508790;11736.750870
4M;0;64;2;4833415;21000276;51567.046643;11851.493726
4M;0;64;3;4594295;20814447;54198.814431;11961.732376
4M;0;64;4;4615993;20702642;53939.720386;12030.515051
8M;0;64;1;4775114;21434280;103869.036298;23193.638224
8M;0;64;2;4774936;21486134;103886.956333;23111.062774
8M;0;64;3;4604568;21260426;107759.161491;23378.999703
8M;0;64;4;4759802;21353665;104423.801240;23262.368200
16M;0;64;1;4521091;21224215;217879.280587;46662.865820
16M;0;64;2;4662936;21163459;211192.936423;46754.749000
16M;0;64;3;4553708;21122004;216371.085670;46887.985295
16M;0;64;4;4708913;21349904;209059.686438;46344.398676
4k;0;128;1;0190215;0061939;2567.206856;7883.403751
4k;0;128;2;0205094;0059831;2380.795573;8161.774886
4k;0;128;3;0198755;0059796;2456.733165;8166.273649
4k;0;128;4;0204350;0061761;2389.462988;7906.071063
8k;0;128;1;0396123;0120531;2465.348540;8102.224188
8k;0;128;2;0400656;0120310;2437.448408;8117.186418
8k;0;128;3;0390006;0118701;2504.012980;8227.589474
8k;0;128;4;0412877;0118761;2365.307937;8222.950571
16k;0;128;1;0842869;0237832;2317.300675;8212.022754
16k;0;128;2;0857199;0241592;2278.563337;8084.421661
16k;0;128;3;0831648;0249073;2348.579716;7841.345023
16k;0;128;4;0844779;0237897;2312.078666;8209.767074
32k;0;128;1;1712646;0485300;2280.999376;8048.470689
32k;0;128;2;1837979;0523777;2125.405134;7457.129091
32k;0;128;3;1786761;0498224;2186.372388;7839.840607
32k;0;128;4;1599896;0495159;2441.697001;7888.372841
64k;0;128;1;3825723;1023236;2042.209115;7633.842806
64k;0;128;2;3753598;1061411;2081.459517;7359.037665
64k;0;128;3;3813702;1023003;2048.721401;7635.553396
64k;0;128;4;3813216;1044113;2048.926727;7481.138840
128k;0;128;1;5152343;2141429;3032.770654;7293.595489
128k;0;128;2;5151670;2164589;3033.126734;7215.648172
128k;0;128;3;5136419;2147605;3042.229180;7272.655231
128k;0;128;4;5148387;2123449;3035.086133;7355.593993
256k;0;128;1;4858315;4439379;6433.202297;7033.614962
256k;0;128;2;4847593;4404367;6447.131137;7089.602063
256k;0;128;3;4861014;4363684;6430.215933;7155.855370
256k;0;128;4;4854222;4455843;6439.124498;7007.766314
512k;0;128;1;4792588;8540343;13043.299113;7306.698520
512k;0;128;2;4794523;7918098;13038.117592;7882.442269
512k;0;128;3;4825430;8671219;12995.911413;7196.441595
512k;0;128;4;4804307;7943235;13042.367875;7856.921341
1M;0;128;1;4801537;16524536;26165.782381;7541.975115
1M;0;128;2;4782025;16405040;26181.281204;7596.286688
1M;0;128;3;4746483;16075297;26333.542643;7752.415981
1M;0;128;4;4795181;15886846;26153.991599;7845.075113
2M;0;128;1;4780845;18973980;52214.123856;13134.387453
2M;0;128;2;4773278;18801567;52296.229431;13253.548803
2M;0;128;3;4707772;18618328;53024.379846;13381.767473
2M;0;128;4;4668876;18755150;53477.724246;13286.077591
4M;0;128;1;4682130;20770390;106476.110553;23982.642219
4M;0;128;2;4782286;21218107;104266.506898;23476.123643
4M;0;128;3;4674565;20895676;106565.844471;23855.163604
4M;0;128;4;4785926;21359647;104171.501170;23325.353191
8M;0;128;1;4774567;21353250;208138.365810;46571.580154
8M;0;128;2;4734438;21306114;209710.106411;46701.730155
8M;0;128;3;4762367;21358520;208870.716918;46554.285593
8M;0;128;4;4623926;21109194;215168.536743;47122.683233
16M;0;128;1;4648985;21211769;431183.674432;94469.756727
16M;0;128;2;4648535;21204835;432103.750350;94337.176343
16M;0;128;3;4569103;21139311;436809.177588;95197.437973
16M;0;128;4;4657618;21203360;434754.115854;95534.092368
