size;mode;workers;reps;write (GiB/s);reads (GiB/s);write latency;read latency;write iops;time write iops;read iops;time read iops
4k;2;1;1;0150997;0029698;25.263050;128.447756;524288;13.245292;524288;67.344439
4k;2;1;2;0152119;0029605;25.076710;128.849190;524288;13.147598;524288;67.555184
4k;2;1;3;0141915;0029806;26.879751;127.981770;524288;14.092912;524288;67.100205
4k;2;1;4;0136877;0029832;27.869219;127.871187;524288;14.611679;524288;67.042304
8k;2;1;1;0240395;0057013;31.736134;133.815319;262144;8.319624;262144;35.079924
8k;2;1;2;0260621;0053266;29.273235;143.229031;262144;7.673983;262144;37.547687
8k;2;1;3;0256016;0059795;29.799786;127.587952;262144;7.812026;262144;33.447451
8k;2;1;4;0263100;0050832;28.997406;150.086491;262144;7.601666;262144;39.345220
16k;2;1;1;0442386;0108908;34.490547;140.099014;131072;4.520934;131072;18.364162
16k;2;1;2;0448561;0095363;34.015747;159.996452;131072;4.458698;131072;20.972457
16k;2;1;3;0439190;0107060;34.741615;142.517349;131072;4.553835;131072;18.681140
16k;2;1;4;0408640;0094637;37.339058;161.224594;131072;4.894289;131072;21.133313
32k;2;1;1;0742330;0213573;41.107422;142.873337;65536;2.694221;65536;9.364475
32k;2;1;2;0734751;0214930;41.531631;141.966629;65536;2.722011;65536;9.305348
32k;2;1;3;0755349;0196104;40.398895;155.604141;65536;2.647782;65536;10.198694
32k;2;1;4;0745533;0200688;40.931000;152.048187;65536;2.682645;65536;9.965720
64k;2;1;1;1091901;0311870;55.891724;195.672150;32768;1.831668;32768;6.412937
64k;2;1;2;1084101;0339949;56.294037;179.506104;32768;1.844846;32768;5.883230
64k;2;1;3;1129217;0320312;54.044678;190.516754;32768;1.771138;32768;6.243918
64k;2;1;4;1117313;0345154;54.619995;176.798004;32768;1.790009;32768;5.794513
128k;2;1;1;1357254;0566209;89.925781;215.511902;16384;1.473564;16384;3.532265
128k;2;1;2;1353022;0573113;90.206787;212.930237;16384;1.478173;16384;3.489714
128k;2;1;3;1324960;0631170;92.117188;193.337158;16384;1.509480;16384;3.168717
128k;2;1;4;1330311;0552253;91.746826;220.977417;16384;1.503408;16384;3.621527
256k;2;1;1;1600014;0940260;152.554565;259.519897;8192;1.249989;8192;2.127072
256k;2;1;2;1607836;0916027;151.811035;266.359497;8192;1.243908;8192;2.183342
256k;2;1;3;1614313;0919913;151.210327;265.225586;8192;1.238917;8192;2.174119
256k;2;1;4;1605649;0991959;152.017944;245.990601;8192;1.245602;8192;2.016212
512k;2;1;1;1260086;1022510;387.416016;477.275391;4096;1.587193;4096;1.955972
512k;2;1;2;1814191;1202616;269.062744;405.770996;4096;1.102420;4096;1.663041
512k;2;1;3;1993767;1055713;244.838623;462.206787;4096;1.003126;4096;1.894454
512k;2;1;4;1725983;1201637;282.816406;406.095703;4096;1.158760;4096;1.664396
1M;2;1;1;3559929;1721901;274.119629;566.593750;2048;0.561809;2048;1.161507
1M;2;1;2;3521920;1949736;277.074707;500.310547;2048;0.567872;2048;1.025780
1M;2;1;3;3391446;1931775;287.744629;504.988281;2048;0.589719;2048;1.035317
1M;2;1;4;3555252;1556080;274.474609;626.950684;2048;0.562548;2048;1.285281
2M;2;1;1;3704328;2299628;526.621094;847.848633;1024;0.539909;1024;0.869706
2M;2;1;2;3692749;2153891;528.280273;905.340820;1024;0.541602;1024;0.928552
2M;2;1;3;3579643;2230022;544.990234;874.165039;1024;0.558715;1024;0.896852
2M;2;1;4;3784911;2424751;515.389648;803.987305;1024;0.528414;1024;0.824827
4M;2;1;1;4340438;2938601;897.904297;1325.494141;512;0.460783;512;0.680596
4M;2;1;2;4255129;2800454;915.966797;1391.169922;512;0.470021;512;0.714170
4M;2;1;3;4354642;3170250;894.947266;1228.703125;512;0.459280;512;0.630865
4M;2;1;4;4338357;2935172;898.339844;1327.201172;512;0.461004;512;0.681391
8M;2;1;1;5356889;5013122;1451.507812;1549.894531;256;0.373351;256;0.398953
8M;2;1;2;5319715;5217056;1461.941406;1489.742188;256;0.375960;256;0.383358
8M;2;1;3;4972774;5193874;1564.839844;1496.070312;256;0.402190;256;0.385069
8M;2;1;4;4726065;5067461;1645.562500;1531.410156;256;0.423185;256;0.394675
16M;2;1;1;5173962;6578320;2992.632812;2351.101562;128;0.386551;128;0.304029
16M;2;1;2;4965416;6268905;3118.828125;2468.117188;128;0.402786;128;0.319035
16M;2;1;3;4934580;6294871;3138.984375;2459.031250;128;0.405303;128;0.317719
16M;2;1;4;4797429;6240814;3228.835938;2479.523438;128;0.416890;128;0.320471
4k;2;2;1;0275891;0043852;27.653513;174.064966;4193702;57.985598;4103130;356.930365
4k;2;2;2;0277750;0044480;27.468445;171.562080;4188311;57.523369;4132332;354.396926
4k;2;2;3;0273844;0043000;27.860209;177.428287;4194193;58.425878;4186589;371.409433
4k;2;2;4;0279074;0043151;27.338130;176.808714;4189819;57.271137;4187596;370.201609
8k;2;2;1;0512367;0076736;29.780637;198.888053;2096298;31.214913;2066950;205.502997
8k;2;2;2;0516925;0083790;29.518125;182.150593;2095234;30.923951;2065082;188.033171
8k;2;2;3;0511241;0079096;29.846284;192.965022;2095243;31.267892;2063822;199.071866
8k;2;2;4;0511702;0076301;29.819492;200.111806;2094335;31.226176;2044607;204.440900
16k;2;2;1;0865400;0154320;35.263592;197.870466;1048413;18.485690;1023632;101.214227
16k;2;2;2;0864741;0154385;35.290526;197.679939;1047072;18.476118;1041103;102.898318
16k;2;2;3;0896480;0152158;34.040994;200.569551;1048046;17.838554;1042666;104.561275
16k;2;2;4;0862578;0145779;35.378999;209.350572;1047570;18.531256;1040900;108.951746
32k;2;2;1;1369023;0262490;44.581921;232.528469;523680;11.673615;520962;60.568011
32k;2;2;2;1419562;0275165;42.995438;221.809831;522015;11.222221;523150;58.020740
32k;2;2;3;1403525;0295466;43.485942;206.574973;524004;11.393694;521250;53.837923
32k;2;2;4;1379180;0270691;44.255033;225.488471;521185;11.532437;520180;58.644840
64k;2;2;1;2006432;0538729;60.838288;226.583975;261038;7.940711;261144;29.586212
64k;2;2;2;2036741;0491406;59.931868;248.403100;261884;7.847894;261872;32.525845
64k;2;2;3;2028242;0497389;60.183071;245.418753;261865;7.880211;261069;32.036064
64k;2;2;4;2035537;0515069;59.967358;237.073545;261896;7.852899;257334;30.493840
128k;2;2;1;2416329;0934441;101.032566;261.267237;130910;6.613430;129937;16.974271
128k;2;2;2;2416069;0881850;101.043121;276.864658;130841;6.610655;129581;17.937282
128k;2;2;3;2410209;1182792;101.290702;206.400310;130856;6.627488;130187;13.435973
128k;2;2;4;2409959;0931822;101.299510;261.989509;130796;6.625138;130442;17.088132
256k;2;2;1;2851018;1330874;171.255165;366.945783;65377;5.598414;64462;11.825156
256k;2;2;2;2915158;1580285;167.496181;309.001764;64994;5.443162;64675;9.991738
256k;2;2;3;2942694;1315798;165.920425;371.169934;65249;5.413383;64371;11.943761
256k;2;2;4;2867726;1348705;170.274677;362.052022;64873;5.522889;64767;11.724028
512k;2;2;1;3146869;1856653;310.310016;526.299987;32606;5.059283;31879;8.383860
512k;2;2;2;2922561;1793319;334.138123;544.535363;32506;5.430878;32410;8.824528
512k;2;2;3;3059942;1746207;319.130640;559.168585;32596;5.201411;32557;9.103714
512k;2;2;4;2893652;1753867;337.455112;556.728365;32638;5.507408;32544;9.060337
1M;2;2;1;5143568;2827303;379.720274;690.641413;16182;3.072329;16298;5.629399
1M;2;2;2;5372486;2915716;363.493345;670.678761;16332;2.968685;15768;5.281185
1M;2;2;3;5033983;2866798;388.362400;681.185942;15850;3.074805;16214;5.523229
1M;2;2;4;4912994;2761746;398.544631;707.076019;15571;3.095069;16270;5.753125
2M;2;2;1;6081784;4054879;642.240210;962.891547;8059;2.588095;8188;3.943937
2M;2;2;2;6106063;4127253;639.551060;946.157722;8179;2.616188;8120;3.842598
2M;2;2;3;6133099;4538454;636.788740;860.328218;8106;2.581408;8128;3.497887
2M;2;2;4;5475582;4183082;713.444336;933.473143;8036;2.866419;8129;3.795516
4M;2;2;1;6290558;5715656;1244.181125;1369.149955;3910;2.427994;3915;2.675628
4M;2;2;2;6415385;5438767;1220.418227;1435.829362;3897;2.372836;4059;2.915269
4M;2;2;3;6190136;5490737;1262.754339;1421.952241;3969;2.504615;4095;2.913287
4M;2;2;4;6644539;5385846;1175.550872;1449.851439;4036;2.372719;4091;2.967123
8M;2;2;1;6292946;6680635;2480.787052;2336.015912;2045;2.538805;2046;2.392643
8M;2;2;2;6136580;6697405;2543.698030;2330.967816;2035;2.590765;2046;2.386652
8M;2;2;3;6782074;7444467;2321.407826;2099.538788;1874;2.158724;1970;2.067391
8M;2;2;4;6564028;6930559;2415.704260;2253.336629;1819;2.164972;2012;2.268035
16M;2;2;1;6749372;7218269;4622.465300;4319.707031;1023;2.368276;1024;2.216598
16M;2;2;2;6432637;6888194;4859.293480;4527.108398;974;2.365865;1024;2.322815
16M;2;2;3;6358835;6906644;4914.767645;4515.011719;976;2.398238;1024;2.316610
16M;2;2;4;6371215;7134197;4894.108812;4370.666016;1022;2.506390;1024;2.242719
4k;2;4;1;0405194;0123953;37.657194;123.167352;2092452;19.699373;2041883;62.839817
4k;2;4;2;0390776;0091427;39.046880;166.910864;2088802;20.390582;2071977;86.450861
4k;2;4;3;0390589;0129112;39.069058;118.229706;2079815;20.312556;2046602;60.468087
4k;2;4;4;0400615;0131362;38.093821;116.171871;2068858;19.699894;2057429;59.747039
8k;2;4;1;0756304;0222041;40.351535;137.443805;1034706;10.437837;1040120;35.738762
8k;2;4;2;0774997;0227253;39.377789;134.554055;1039468;10.232963;991939;33.301569
8k;2;4;3;0763558;0219420;39.966904;139.225104;1042244;10.413996;1005131;34.949087
8k;2;4;4;0752796;0235272;40.541501;129.731055;1037862;10.518471;1036608;33.615070
16k;2;4;1;1273927;0349901;47.914993;174.536721;515467;6.174137;505719;22.053819
16k;2;4;2;1355434;0376286;45.028765;162.412130;518268;5.834399;501731;20.345734
16k;2;4;3;1336890;0426566;45.656294;143.294195;519464;5.928979;502829;17.986803
16k;2;4;4;1277892;0394939;47.768167;154.628407;516115;6.162721;502515;19.415069
32k;2;4;1;2665648;0737357;45.791453;166.497817;259069;2.965942;233194;9.651387
32k;2;4;2;2240030;0722172;54.491271;169.323465;260447;3.548261;250078;10.567814
32k;2;4;3;2261963;0659581;53.960472;186.097571;259739;3.504303;237774;11.001363
32k;2;4;4;2136148;0522052;57.140106;233.937711;260551;3.722300;255928;14.960769
64k;2;4;1;3131654;0606046;77.947405;402.872967;129282;2.519674;127888;12.879655
64k;2;4;2;3174223;1318468;76.902742;185.606288;130092;2.501458;120319;5.569864
64k;2;4;3;3148392;1253699;77.535785;194.746281;129595;2.512346;127621;6.213107
64k;2;4;4;3167136;0740233;77.075448;331.646229;130544;2.515766;123131;10.152642
128k;2;4;1;3935282;2118904;124.069318;230.534560;64135;1.989433;63436;3.654555
128k;2;4;2;4050966;1290233;120.510415;378.533120;65023;1.959379;63784;6.034671
128k;2;4;3;3969364;1189973;122.993013;410.758606;64633;1.987666;63497;6.513678
128k;2;4;4;4005409;1239366;121.870982;394.403500;65252;1.988644;61970;6.103685
256k;2;4;1;3294806;1885263;298.814863;518.678636;28105;2.082542;30799;3.988456
256k;2;4;2;3713681;1804235;264.474575;541.101646;30309;1.992540;32177;4.354042
256k;2;4;3;3771209;1819087;259.242103;538.584608;30899;2.000340;29598;3.972364
256k;2;4;4;3122906;1859476;312.683932;526.098824;32344;2.528569;30432;3.995582
512k;2;4;1;4483795;4269079;435.650919;457.149642;15829;1.723764;16088;1.840085
512k;2;4;2;3912729;2825458;499.399566;691.198132;15673;1.955881;15895;2.746893
512k;2;4;3;4160920;2758367;470.910305;708.034919;14945;1.753786;15771;2.791755
512k;2;4;4;4242888;2802000;460.411083;697.255797;15934;1.833721;15613;2.720748
1M;2;4;1;7042304;5149439;554.502663;758.297699;8006;1.110199;8010;1.519052
1M;2;4;2;6730626;6380892;581.223447;611.356176;7589;1.101106;8074;1.235684
1M;2;4;3;6165548;5325055;634.950959;733.340321;7652;1.212002;7831;1.436128
1M;2;4;4;6454775;5266279;605.814853;742.775886;7719;1.167831;7606;1.410433
2M;2;4;1;7179523;6930905;1087.851377;1126.449295;3947;1.073746;3884;1.094509
2M;2;4;2;6875385;6817428;1135.299719;1145.719017;4066;1.155049;3945;1.130203
2M;2;4;3;7106967;6656376;1099.301414;1172.032299;3997;1.098449;4048;1.187771
2M;2;4;4;6932306;6861463;1127.239172;1137.311186;4023;1.133450;3993;1.136613
4M;2;4;1;6736981;7165244;2316.610169;2177.108496;2017;1.169501;1990;1.084881
4M;2;4;2;6834757;7255183;2283.941025;2153.580936;1999;1.142483;1945;1.047204
4M;2;4;3;6877690;7201178;2268.646802;2166.675785;2029;1.152390;2018;1.094656
4M;2;4;4;6860518;7306583;2279.305268;2136.043292;1965;1.118834;2014;1.076726
8M;2;4;1;6672203;7218333;4680.150846;4323.454955;965;1.129921;1011;1.094219
8M;2;4;2;6716497;7267177;4651.872533;4291.759918;952;1.107348;1020;1.096540
8M;2;4;3;6667514;7107558;4672.435271;4387.297390;1004;1.176413;1011;1.111273
8M;2;4;4;6723769;7258070;4640.282518;4286.477172;983;1.142170;1018;1.095763
16M;2;4;1;6881659;7536513;9310.129079;8264.131363;462;1.048984;500;1.036620
16M;2;4;2;7072754;7144090;8841.334570;8711.830419;473;1.044943;506;1.106684
16M;2;4;3;6810678;6865742;9136.190233;9057.682994;491;1.126448;509;1.158378
16M;2;4;4;6571616;7020900;9476.618039;8822.603516;485;1.153160;512;1.139455
4k;2;8;1;0071048;0022374;429.594256;1364.009062;2055296;110.353239;2072826;353.407270
4k;2;8;2;0074573;0023047;409.317145;1324.281494;2051619;104.947667;2058590;340.729865
4k;2;8;3;0073130;0023027;417.391254;1325.463789;2061508;107.535465;2067449;342.493265
4k;2;8;4;0076443;0022375;399.342764;1364.131429;2051518;102.375518;2045171;348.682720
8k;2;8;1;0149522;0042189;408.387314;1446.907087;1013840;51.731335;1031075;186.458976
8k;2;8;2;0153060;0042976;398.869217;1420.566614;1016121;50.649177;1025700;182.088400
8k;2;8;3;0149587;0044061;408.134007;1385.542790;1021121;52.080158;1021268;176.839631
8k;2;8;4;0163113;0042321;374.783784;1442.269692;978977;45.790418;1035429;186.659885
16k;2;8;1;0427448;0082355;286.966464;1482.365389;477691;17.052326;518815;96.125877
16k;2;8;2;0329866;0082922;370.411676;1472.234097;499300;23.096379;511548;94.131324
16k;2;8;3;0452992;0083343;269.614791;1465.076850;504919;17.007936;512455;93.822674
16k;2;8;4;0323676;0081583;377.539207;1496.338280;494639;23.318330;519399;97.144733
32k;2;8;1;0722526;0166529;340.698523;1466.480712;232440;9.817644;256197;46.949745
32k;2;8;2;0910840;0169639;268.413494;1439.910442;250752;8.401415;251642;45.269754
32k;2;8;3;1025718;0161516;238.138102;1511.783600;256055;7.618252;257638;48.679353
32k;2;8;4;0589947;0165183;413.987007;1478.247602;253562;13.116606;255290;47.164903
64k;2;8;1;1180446;0317321;413.826508;1538.648486;126357;6.533311;130069;25.018134
64k;2;8;2;1713901;0324827;286.819220;1503.253426;121597;4.330292;128900;24.220354
64k;2;8;3;1871735;0319280;261.186978;1529.178192;126446;4.123260;129852;24.823161
64k;2;8;4;1150852;0314580;424.326506;1552.034354;128574;6.818889;129930;25.209199
128k;2;8;1;1896472;0622022;516.377542;1570.090256;59051;3.800938;63652;12.491544
128k;2;8;2;2025292;0637989;483.735595;1530.446071;59383;3.579189;64480;12.337343
128k;2;8;3;1881177;0607547;519.956684;1607.166677;61317;3.978885;63991;12.857274
128k;2;8;4;2080269;0624128;471.437464;1564.463124;59463;3.489292;64228;12.562058
256k;2;8;1;2698110;3613401;727.147777;539.755614;28894;2.614497;32128;2.170739
256k;2;8;2;3038437;1382217;644.471020;1412.776983;29886;2.401362;31846;5.624950
256k;2;8;3;3682226;1244472;531.329383;1569.413003;30395;2.015263;31531;6.185754
256k;2;8;4;6802527;2950326;287.011625;662.264915;32429;1.163867;31159;2.578419
512k;2;8;1;5166876;2743304;756.766779;1423.630600;14872;1.405437;15725;2.798896
512k;2;8;2;6251094;2709460;625.793076;1441.750565;15226;1.189323;15650;2.820341
512k;2;8;3;6390517;2566665;611.722132;1522.390722;15230;1.163681;15345;2.919226
512k;2;8;4;6037520;2605960;647.695716;1498.211253;14977;1.211257;16043;3.005992
1M;2;8;1;6832653;6862105;1144.577344;1136.476319;7481;1.069228;7827;1.113879
1M;2;8;2;6901880;8341837;1131.026455;940.869646;7998;1.131655;7496;0.877542
1M;2;8;3;6765039;5936516;1154.649171;1315.814036;7680;1.108641;7420;1.220597
1M;2;8;4;6833445;7051326;1143.948337;1107.800637;7537;1.077107;7480;1.035931
2M;2;8;1;6770829;9432744;2305.128264;1651.460161;4074;1.175193;4001;0.828439
2M;2;8;2;6924170;9448981;2253.731572;1649.124443;4039;1.139295;3942;0.814820
2M;2;8;3;6683919;9604275;2336.758239;1623.717776;4079;1.191935;3831;0.779072
2M;2;8;4;6916086;9425296;2258.126852;1654.426646;4072;1.149946;3840;0.795731
4M;2;8;1;6900178;8434074;4577.909236;3695.025703;1934;1.094854;1953;0.904534
4M;2;8;2;6746598;8418969;4626.372016;3705.612572;2011;1.164360;1944;0.901981
4M;2;8;3;6802208;8443208;4584.170084;3687.815732;2026;1.163455;2000;0.925300
4M;2;8;4;6851083;8494036;4552.565140;3670.167419;1954;1.114103;1958;0.900448
8M;2;8;1;6776683;7790657;9219.274472;7994.595045;961;1.107889;953;0.955672
8M;2;8;2;6744795;8075373;9334.871581;7715.023485;948;1.098069;954;0.922945
8M;2;8;3;6787607;8042656;9307.915617;7736.171137;945;1.087690;932;0.905329
8M;2;8;4;6742758;7952064;9232.608285;7900.642717;993;1.150540;899;0.883222
16M;2;8;1;6727026;7910820;18440.570297;15619.189423;486;1.128842;476;0.940168
16M;2;8;2;6874113;7802848;18124.184840;15887.292988;489;1.111507;498;0.997232
16M;2;8;3;6693176;7926544;18594.216624;15718.598600;458;1.069186;485;0.956044
16M;2;8;4;6828761;7998086;18249.017359;15599.040653;481;1.100584;481;0.939678
4k;2;16;1;0053803;0021165;1134.500283;2883.892090;4143294;293.767201;4145794;747.221648
4k;2;16;2;0057405;0021297;1063.287514;2866.278419;4136533;274.882097;4127299;739.261296
4k;2;16;3;0056589;0021053;1078.638533;2899.160680;4142731;279.264715;4150765;752.086830
4k;2;16;4;;;;;;;;
size;mode;workers;reps;write (GiB/s);reads (GiB/s);write latency;read latency;write iops;time write iops;read iops;time read iops
size;mode;workers;reps;write (GiB/s);reads (GiB/s);write latency;read latency;write iops;time write iops;read iops;time read iops
4k;0;1;1;0110176;0027532;34.622313;138.551994;524288;18.152713;524288;72.642536
4k;0;1;2;0139999;0027930;27.246721;136.580433;524288;14.285866;524288;71.608777
4k;0;1;3;0142806;0027797;26.712025;137.233641;524288;14.005024;524288;71.951431
4k;0;1;4;0135663;0028018;28.118334;136.151772;524288;14.742418;524288;71.383808
8k;0;1;1;0251145;0054472;30.377167;140.056709;262144;7.963515;262144;36.716226
8k;0;1;2;0242550;0052339;31.453701;145.762463;262144;8.245715;262144;38.212281
8k;0;1;3;0251604;0050483;30.321720;151.123123;262144;7.948989;262144;39.617560
8k;0;1;4;0248665;0051137;30.680225;149.190575;262144;8.042961;262144;39.110628
16k;0;1;1;0395201;0099642;38.607811;153.126816;131072;5.060718;131072;20.071929
16k;0;1;2;0445229;0105574;34.269211;144.522285;131072;4.492066;131072;18.944056
16k;0;1;3;0381586;0088856;39.985428;171.712540;131072;5.241277;131072;22.508252
16k;0;1;4;0397038;0109848;38.429085;138.899506;131072;5.037296;131072;18.207059
32k;0;1;1;0736530;0181636;41.429306;167.995087;65536;2.715435;65536;11.011021
32k;0;1;2;0718008;0170971;42.498062;178.470810;65536;2.785483;65536;11.697858
32k;0;1;3;0724770;0177428;42.101959;171.975967;65536;2.759497;65536;11.272156
32k;0;1;4;0696270;0173493;43.825272;175.881378;65536;2.872447;65536;11.527811
64k;0;1;1;1097577;0308347;55.598877;197.903778;32768;1.822196;32768;6.486207
64k;0;1;2;1092604;0323814;55.851959;188.448364;32768;1.830490;32768;6.176380
64k;0;1;3;1090667;0319161;55.950714;191.197113;32768;1.833741;32768;6.266427
64k;0;1;4;1115298;0308466;54.714966;197.828125;32768;1.793243;32768;6.483694
128k;0;1;1;1338865;0605533;91.156311;201.512024;16384;1.493803;16384;3.302876
128k;0;1;2;1377817;0544575;88.574768;224.080505;16384;1.451572;16384;3.672586
128k;0;1;3;1346472;0557963;90.636597;218.699524;16384;1.485363;16384;3.584464
128k;0;1;4;1337324;0554088;91.256653;220.230408;16384;1.495524;16384;3.609532
256k;0;1;1;1540794;0919313;158.397217;265.392212;8192;1.298032;8192;2.175537
256k;0;1;2;1521961;0915344;160.358643;266.563965;8192;1.314094;8192;2.184972
256k;0;1;3;1533186;0928778;159.186890;262.675781;8192;1.304473;8192;2.153366
256k;0;1;4;1549037;0899231;157.554932;271.336426;8192;1.291125;8192;2.224122
512k;0;1;1;1584893;0941414;307.982666;518.356445;4096;1.261915;4096;2.124463
512k;0;1;2;1764174;1244091;276.627441;392.153076;4096;1.133675;4096;1.607600
512k;0;1;3;1530266;0963665;318.939941;506.283936;4096;1.306962;4096;2.075410
512k;0;1;4;1502452;0921883;324.837402;529.270508;4096;1.331157;4096;2.169473
1M;0;1;1;3460693;1847363;281.799316;527.877930;2048;0.577919;2048;1.082624
1M;0;1;2;3541716;1807085;275.298828;539.536621;2048;0.564698;2048;1.106755
1M;0;1;3;3629639;1891410;268.728516;515.220215;2048;0.551019;2048;1.057412
1M;0;1;4;3465652;1787104;281.355469;545.704102;2048;0.577092;2048;1.119129
2M;0;1;1;3560087;1838739;547.534180;1059.877930;1024;0.561784;1024;1.087702
2M;0;1;2;3375676;1803201;577.609375;1081.184570;1024;0.592474;1024;1.109139
2M;0;1;3;3344085;1837310;582.983398;1060.709961;1024;0.598071;1024;1.088548
2M;0;1;4;3490395;2002766;558.416992;973.239258;1024;0.573001;1024;0.998619
4M;0;1;1;3322690;1850500;1172.488281;2104.351562;512;0.601922;512;1.080789
4M;0;1;2;3490663;2026289;1115.890625;1922.103516;512;0.572957;512;0.987026
4M;0;1;3;3606352;1893188;1079.974609;2057.125000;512;0.554577;512;1.056419
4M;0;1;4;3594523;2030123;1083.636719;1918.392578;512;0.556402;512;0.985162
8M;0;1;1;3484029;1858531;2232.421875;4184.433594;256;0.574048;256;1.076119
8M;0;1;2;3570893;1844819;2177.535156;4212.078125;256;0.560084;256;1.084117
8M;0;1;3;3486708;1887653;2230.445312;4116.941406;256;0.573607;256;1.059517
8M;0;1;4;3207601;2051562;2425.527344;3789.074219;256;0.623519;256;0.974867
16M;0;1;1;3579572;1936277;4329.179688;8002.875000;128;0.558726;128;1.032910
16M;0;1;2;3444843;1941601;4500.109375;7971.414062;128;0.580578;128;1.030078
16M;0;1;3;3596482;1938631;4307.718750;7992.117188;128;0.556099;128;1.031656
16M;0;1;4;3579719;1969233;4328.031250;7871.273438;128;0.558703;128;1.015624
4k;0;2;1;0237016;0039683;32.202746;192.426286;4109540;66.141866;4073809;391.612492
4k;0;2;2;0266417;0039383;28.636764;193.785182;4192388;60.028881;4120066;399.076158
4k;0;2;3;0263677;0039589;28.934353;192.716010;4188557;60.597133;4188342;403.580890
4k;0;2;4;0268063;0041609;28.460898;183.441195;4187028;59.583878;4107708;376.595668
8k;0;2;1;0478263;0068430;31.903988;223.029813;2093698;33.399320;2066952;230.448703
8k;0;2;2;0488151;0073701;31.257672;207.267710;2096384;32.764743;2028997;210.037584
8k;0;2;3;0485050;0070310;31.457607;217.045969;2092012;32.905434;2074852;225.145204
8k;0;2;4;0488196;0076840;31.254835;198.691760;2094736;32.735995;2047720;203.316051
16k;0;2;1;0842551;0133839;36.219668;228.041896;1044227;18.911186;1036944;118.220106
16k;0;2;2;0838094;0134184;36.412753;227.479017;1042646;18.982978;1033010;117.469261
16k;0;2;3;0835852;0142120;36.510565;215.238936;1042664;19.034223;999835;107.347604
16k;0;2;4;0837907;0139624;36.419915;218.573884;1048351;19.091097;1042295;113.906723
32k;0;2;1;1424421;0244131;42.846619;250.124596;523685;11.219714;512931;64.118873
32k;0;2;2;1422236;0297427;42.913716;205.269632;521024;11.179857;515023;52.844106
32k;0;2;3;1342216;0270352;45.471082;225.753878;523166;11.895074;523625;59.107302
32k;0;2;4;1318465;0283067;46.292152;215.616119;520623;12.050497;523364;56.424129
64k;0;2;1;1967070;0488500;62.051950;249.906235;261606;8.117231;259119;32.375366
64k;0;2;2;1957245;0503246;62.365255;243.431869;261320;8.149060;247265;29.989033
64k;0;2;3;1958378;0443572;62.326759;275.192729;261880;8.161798;260681;35.869539
64k;0;2;4;1963232;0450919;62.171816;270.812910;261640;8.134157;256917;34.775544
128k;0;2;1;2330566;0887852;104.746254;275.007767;130397;6.829930;129157;17.757731
128k;0;2;2;2331627;0896317;104.695052;272.792711;130929;6.854673;126005;17.160745
128k;0;2;3;2347140;0826564;104.004084;295.402791;130844;6.804949;129131;19.070580
128k;0;2;4;2337992;0921880;104.411685;264.924662;130782;6.828337;128324;16.991967
256k;0;2;1;2704679;1348663;180.517440;361.980944;65031;5.870090;65477;11.852919
256k;0;2;2;2741543;1310403;178.092964;372.673458;64938;5.782877;64342;11.987528
256k;0;2;3;2720865;1247362;179.437583;391.626076;65187;5.849168;63918;12.510391
256k;0;2;4;2792652;1313680;174.849503;371.685118;64671;5.653700;64699;12.023970
512k;0;2;1;2695840;1793739;362.659792;545.688574;31602;5.723880;31178;8.487095
512k;0;2;2;2752149;1844033;355.010037;529.582002;31936;5.666026;32218;8.530998
512k;0;2;3;2597595;1710390;376.032315;571.183273;32119;6.037548;31929;9.115074
512k;0;2;4;2718478;1736215;360.536384;562.457121;30859;5.542759;32261;9.072861
1M;0;2;1;4988573;3187299;391.467060;612.448757;16067;3.145274;16286;4.989898
1M;0;2;2;5062617;3122128;385.592803;625.334798;16382;3.160035;16184;5.062152
1M;0;2;3;5010678;3437770;389.615386;568.029891;16204;3.158099;16083;4.568675
1M;0;2;4;5103824;3143701;382.445743;621.181131;16298;3.118449;16084;4.996351
2M;0;2;1;5083242;3717978;767.989864;1050.135730;8136;3.126081;8188;4.301313
2M;0;2;2;4911658;3123225;794.790905;1250.875604;8131;3.233299;7983;4.992210
2M;0;2;3;4623151;3390244;845.560481;1152.385200;7892;3.334103;7998;4.607661
2M;0;2;4;4958324;3202180;787.429321;1219.598563;8090;3.186718;8047;4.908156
4M;0;2;1;5053748;3843408;1544.867434;2031.443965;4076;3.150508;4095;4.161956
4M;0;2;2;5013421;3321374;1562.602923;2357.515275;3865;3.011448;3888;4.572656
4M;0;2;3;4990353;3677042;1564.063001;2127.119804;4089;3.200707;3928;4.172851
4M;0;2;4;4922610;3357857;1585.521800;2325.731465;4080;3.237612;4016;4.671879
8M;0;2;1;5097137;3551777;3065.818353;4393.524026;1973;3.024063;2043;4.493789
8M;0;2;2;4984757;3529723;3130.870988;4422.014090;2046;3.206651;2026;4.484240
8M;0;2;3;4999246;3463770;3122.308967;4506.956350;2013;3.145787;2043;4.607967
8M;0;2;4;4921854;3624222;3170.858026;4306.228336;2046;3.247633;2026;4.367317
16M;0;2;1;5096789;3426269;6121.061998;9103.755699;1010;3.096312;1022;4.660682
16M;0;2;2;5052968;3588593;6170.148837;8693.772327;1021;3.157179;1015;4.419385
16M;0;2;3;5909791;3265280;5286.670716;9549.637828;984;2.601615;1021;4.885683
16M;0;2;4;4960521;3923674;6287.441703;7946.338435;1013;3.190819;1023;4.073828
4k;0;4;1;0391654;0133128;39.013167;114.638200;2013425;19.610670;2069483;59.299717
4k;0;4;2;0358000;0133778;42.619574;114.057344;2093085;22.303053;2086436;59.495060
4k;0;4;3;0341806;0133480;44.638552;114.312526;2093824;23.367925;2090495;59.743672
4k;0;4;4;0352164;0052673;43.325933;289.743983;2093925;22.681719;2057243;148.990459
8k;0;4;1;0764006;0205276;39.939038;148.699481;1046307;10.448465;1025209;38.103456
8k;0;4;2;0724485;0218345;42.123582;139.824649;1035446;10.904051;1012002;35.361273
8k;0;4;3;0693316;0218317;44.011055;139.860161;1045172;11.501285;1015428;35.485588
8k;0;4;4;0718850;0221544;42.447858;137.906049;1046020;11.101762;1012420;34.865065
16k;0;4;1;1469610;0365591;41.522513;166.947197;519164;5.390420;515938;21.533884
16k;0;4;2;1326997;0403489;45.983834;151.424728;520481;5.984876;511625;19.348182
16k;0;4;3;1325381;0409567;46.040657;149.091246;522436;6.014679;504172;18.783382
16k;0;4;4;1317119;0210310;46.336533;290.288684;514601;5.961641;510479;37.037277
32k;0;4;1;2181574;0437942;55.933054;278.927679;259986;3.636889;252744;17.612228
32k;0;4;2;2639465;0778130;46.226367;157.123860;260223;3.008707;247164;9.693553
32k;0;4;3;2257015;0797759;54.065522;153.719462;261191;3.531619;250539;9.584156
32k;0;4;4;2164652;0770000;56.380464;158.949449;256913;3.621997;247387;9.804743
64k;0;4;1;2916199;0737834;83.674132;331.386984;129329;2.706817;123029;10.177211
64k;0;4;2;3020763;0618382;80.774923;395.783110;130148;2.629668;122455;12.086470
64k;0;4;3;3002316;0675936;81.279902;361.977096;129290;2.628383;121960;11.012657
64k;0;4;4;2966837;1255254;82.242115;194.847054;130738;2.689603;121650;5.915079
128k;0;4;1;4002880;1699192;121.882913;287.218388;65142;1.986546;64066;4.602514
128k;0;4;2;3980674;1169312;122.564095;420.667281;64582;1.980455;59918;6.255138
128k;0;4;3;4100626;1350793;118.988070;361.817857;64666;1.925023;62714;5.667425
128k;0;4;4;4085138;1087933;119.431360;450.035579;64906;1.939493;62280;6.988058
256k;0;4;1;3563908;2211343;275.298960;442.685549;30461;2.086689;30438;3.360470
256k;0;4;2;3632500;2070167;268.784904;472.941449;31930;2.146018;30807;3.633156
256k;0;4;3;3586753;1921763;272.980927;509.123376;30888;2.102463;31223;3.966568
256k;0;4;4;5307341;2851666;183.808526;342.113405;32584;1.498882;32691;2.798785
512k;0;4;1;5009584;3955670;389.305408;492.972696;16335;1.592163;16281;2.009699
512k;0;4;2;4052019;2829608;482.089132;689.530123;15753;1.898287;15941;2.750802
512k;0;4;3;3907931;2761379;500.690013;707.697118;14916;1.863698;15618;2.761655
512k;0;4;4;4708070;2866686;414.375405;682.188925;16204;1.680542;15021;2.558520
1M;0;4;1;6033101;5315380;648.092613;733.161593;7581;1.227117;8052;1.479345
1M;0;4;2;6032635;5412714;646.402201;720.346851;8004;1.295687;8036;1.449856
1M;0;4;3;6079333;5399826;641.413592;722.812446;7930;1.273847;7905;1.429625
1M;0;4;4;6101190;5200316;638.881189;749.791784;8002;1.280808;7889;1.481468
2M;0;4;1;6140657;5773286;1268.299281;1350.886094;4032;1.282436;3982;1.347126
2M;0;4;2;6528170;7107949;1192.965339;1096.133608;4084;1.221868;4089;1.123577
2M;0;4;3;6480500;5637348;1204.140887;1383.476557;3946;1.189265;3886;1.346350
2M;0;4;4;6038172;5661937;1289.180000;1378.816222;3955;1.279296;3911;1.349127
4M;0;4;1;6096033;6038321;2554.466440;2579.247500;2010;1.287979;2010;1.300289
4M;0;4;2;6034132;6817358;2580.904897;2288.621226;2008;1.299897;1988;1.139096
4M;0;4;3;6173011;6174293;2523.296653;2523.531752;1950;1.233950;1988;1.257735
4M;0;4;4;6136648;6140554;2535.130494;2535.914300;2007;1.277545;2019;1.284366
8M;0;4;1;6243494;6307294;4978.101383;4930.261823;1008;1.261313;998;1.236168
8M;0;4;2;6263398;6101922;4963.498464;5098.602959;1012;1.262294;1005;1.286736
8M;0;4;3;6165783;6081623;5038.573506;5119.636642;1008;1.277210;979;1.257631
8M;0;4;4;6258897;6196921;4966.086773;5020.532148;1017;1.269443;999;1.259446
16M;0;4;1;6153604;6137591;10066.288857;10112.453132;486;1.234033;507;1.290714
16M;0;4;2;6143417;7138333;10103.296323;8675.493895;483;1.228449;510;1.116332
16M;0;4;3;6495327;6574088;9542.600594;9420.209314;509;1.224438;499;1.186001
16M;0;4;4;6233802;7123743;9943.659709;8697.247247;506;1.268287;509;1.116425
4k;0;8;1;0075690;0023174;403.721989;1317.130666;2008775;101.240241;2049041;337.289180
4k;0;8;2;0074963;0023400;407.398704;1305.631226;1957969;99.636219;1968025;320.825358
4k;0;8;3;0071717;0023018;425.651566;1325.961292;2040164;108.517595;2051774;340.029147
4k;0;8;4;0074672;0023755;408.964244;1285.078994;2031328;103.772538;2050960;329.350921
8k;0;8;1;0164878;0043768;371.028730;1401.590657;959922;44.418319;879881;153.376384
8k;0;8;2;0160104;0043436;381.419808;1406.720140;1012285;48.238086;983554;172.759566
8k;0;8;3;0167682;0045351;364.840911;1356.804847;971209;44.189172;859427;144.582390
8k;0;8;4;0149674;0044000;407.839804;1392.938343;1024081;52.201005;915286;158.705873
16k;0;8;1;0376893;0084100;324.693223;1456.422360;483997;19.594990;450815;81.793849
16k;0;8;2;0309825;0082484;394.355322;1483.316842;496700;24.462327;468301;86.631635
16k;0;8;3;0302904;0079207;403.086131;1541.398286;507738;25.577290;514053;99.029024
16k;0;8;4;0331593;0080650;369.115834;1513.884029;469091;21.585979;509248;96.349060
32k;0;8;1;0615314;0160534;397.181207;1520.839250;247590;12.279655;254723;48.422901
32k;0;8;2;0614851;0195130;397.209429;1259.630700;250241;12.420484;218024;34.098157
32k;0;8;3;0621925;0156800;392.663930;1557.008812;248094;12.173858;259446;50.495224
32k;0;8;4;0663505;0155612;368.361101;1568.805726;243825;11.214604;258472;50.689649
64k;0;8;1;1211555;0562606;403.126467;875.664083;125555;6.325151;116833;12.674807
64k;0;8;2;1214798;0310603;402.170063;1571.998712;124872;6.273950;127749;25.103354
64k;0;8;3;1187225;0315908;411.363670;1545.719666;123538;6.351079;126763;24.491276
64k;0;8;4;1218441;0306902;400.848860;1590.994982;125146;6.268915;128718;25.598772
128k;0;8;1;2061221;0615131;475.610957;1587.736783;58796;3.482037;62559;12.414585
128k;0;8;2;2000951;0627180;488.448394;1558.788582;62092;3.787994;59387;11.558708
128k;0;8;3;2119300;1693251;462.111906;577.232353;60464;3.482687;62802;4.527538
128k;0;8;4;2007393;0614948;488.647585;1587.728644;58449;3.554306;64397;12.783132
256k;0;8;1;3229506;1233669;604.270697;1581.652311;31233;2.361118;32247;6.381615
256k;0;8;2;2779565;1273646;704.967426;1533.452138;30134;2.646793;31376;6.014353
256k;0;8;3;3346127;2753366;583.091666;731.303508;31811;2.320999;28847;2.557860
256k;0;8;4;2908654;1226257;674.913259;1591.857276;29190;2.450090;31416;6.254742
512k;0;8;1;5753284;6722088;677.086776;578.172039;15809;1.341710;16189;1.175942
512k;0;8;2;5483354;2562719;710.650290;1530.620209;15587;1.387990;13586;2.588575
512k;0;8;3;6075639;6662793;641.375271;583.235263;15692;1.261120;16227;1.189192
512k;0;8;4;5513803;6630825;706.906433;586.414243;15909;1.408840;16164;1.190286
1M;0;8;1;7047862;5019622;1103.438626;1551.414855;7996;1.107938;7475;1.454254
1M;0;8;2;6870845;5784011;1132.327852;1347.331773;7872;1.118858;7452;1.258183
1M;0;8;3;7199015;7277681;1080.895657;1066.471146;7597;1.030550;7895;1.059398
1M;0;8;4;7018157;6762269;1109.146212;1151.310617;7405;1.030391;7595;1.096820
2M;0;8;1;6993114;8545862;2224.603054;1813.888908;3927;1.096782;3813;0.871447
2M;0;8;2;7090810;10631608;2192.897319;1458.376272;3941;1.085527;4052;0.744390
2M;0;8;3;7115721;9093570;2184.350403;1702.918905;3950;1.084197;3943;0.846881
2M;0;8;4;7003114;8473596;2217.737799;1827.230100;3879;1.081829;3922;0.904003
4M;0;8;1;7244941;9310816;4280.250282;3321.367346;1984;1.069712;1976;0.829009
4M;0;8;2;7032821;9592322;4409.729264;3226.807780;1933;1.073649;1976;0.804680
4M;0;8;3;6986911;10008051;4437.920887;3103.108285;2010;1.123753;1876;0.732223
4M;0;8;4;6958625;9580748;4456.953615;3228.241004;1962;1.101376;1987;0.810137
8M;0;8;1;7106022;9907800;8712.944297;6228.672075;977;1.074133;992;0.782212
8M;0;8;2;6886511;11235911;8966.441371;5499.398755;991;1.124254;1012;0.703659
8M;0;8;3;7052223;11227502;8772.570109;5499.998153;993;1.100052;1012;0.704186
8M;0;8;4;6881982;10587829;9002.938827;5853.297511;954;1.082991;956;0.705409
16M;0;8;1;6930235;10568826;17751.132314;11640.245668;499;1.125052;482;0.712591
16M;0;8;2;6995191;10453334;17577.745570;11804.517404;490;1.094502;478;0.714485
16M;0;8;3;7049014;11056143;17488.253659;11098.533183;492;1.090578;497;0.702381
16M;0;8;4;6712237;10201661;18298.234820;12011.102522;494;1.149952;494;0.756617
4k;0;16;1;0057891;0021967;1057.906955;2779.309113;3890830;256.383333;4006804;695.817302
4k;0;16;2;0060151;0021871;1015.066353;2791.281481;4030372;255.602644;4098091;714.777346
4k;0;16;3;0062458;0021683;978.826536;2816.830817;3666363;223.926055;3979120;700.058259
4k;0;16;4;0058211;0021941;1049.412857;2782.552317;3850058;252.302931;4090788;711.219523
8k;0;16;1;0126334;0040250;967.727799;3034.483845;1832278;110.652180;1954433;370.459460
8k;0;16;2;0123398;0039854;989.748120;3065.290521;1943823;120.181983;1989068;380.770557
8k;0;16;3;0142627;0038554;856.042100;3166.575459;2022738;108.199861;2045844;404.847874
8k;0;16;4;0124714;0040919;978.967302;2984.067907;2029921;124.180856;2031022;378.684639
16k;0;16;1;0251388;0077075;971.346656;3169.144840;1010251;61.320435;987483;195.494097
16k;0;16;2;0257056;0078047;950.105135;3132.730055;998854;59.291868;915034;178.897291
16k;0;16;3;0240688;0077762;1014.351865;3141.544062;1030020;65.299692;987687;193.808451
16k;0;16;4;0263475;0079297;926.834444;3081.950338;998905;57.850158;976789;187.958886
32k;0;16;1;0483514;0155189;1009.802249;3150.084969;511662;32.294150;462054;90.862104
32k;0;16;2;0493722;0151115;990.950735;3231.192769;439841;27.187137;512103;103.418971
32k;0;16;3;0501571;0160936;973.452871;3039.525325;514096;31.279636;462595;87.719850
32k;0;16;4;0474903;0155560;1028.628266;3142.390539;511104;32.843863;463699;90.967823
64k;0;16;1;0905086;0304443;1078.876287;3208.953181;257044;17.333956;247059;49.530732
64k;0;16;2;0925295;0297367;1055.328081;3288.661002;252084;16.628200;225067;46.195433
64k;0;16;3;0936682;0307955;1042.396776;3181.696098;254679;16.595148;211154;41.849698
64k;0;16;4;1024662;0305393;954.228050;3201.319891;224505;13.372892;238481;47.662349
128k;0;16;1;1678114;0571017;1164.917744;3419.592258;122994;8.946900;128651;27.502630
128k;0;16;2;1646515;0575343;1186.702861;3393.706905;124283;9.214165;127837;27.123125
128k;0;16;3;1513716;0583112;1290.952885;3349.863791;122265;9.859796;120619;25.250743
128k;0;16;4;3675106;1669773;532.382698;1170.051510;112468;3.735676;125410;9.168215
256k;0;16;1;2522411;1164925;1547.988614;3352.741340;62688;6.067484;63679;13.345612
256k;0;16;2;2534006;1198975;1541.241334;3257.937044;62415;6.013419;60357;12.290164
256k;0;16;3;2490623;3226487;1570.405450;1208.325529;58678;5.751847;62580;4.735281
256k;0;16;4;2504953;1207233;1559.550736;3235.414120;62316;6.073514;60792;12.294058
512k;0;16;1;4684413;2321666;1664.624209;3362.970331;31572;3.290917;30619;6.439636
512k;0;16;2;4747305;7522456;1643.505780;1033.194294;29472;3.031325;31526;2.046347
512k;0;16;3;4599351;2363687;1696.516188;3307.709930;30636;3.252412;27218;5.622589
512k;0;16;4;4671449;2347681;1670.755534;3326.682019;30968;3.236917;28328;5.891785
1M;0;16;1;7236993;5465995;2148.815037;2851.692830;15912;2.147171;14630;2.613817
1M;0;16;2;7106314;4792176;2188.566210;3253.756962;15815;2.173326;14122;2.877819
1M;0;16;3;7147110;4911553;2176.212490;3169.270099;15943;2.178410;15542;3.090211
1M;0;16;4;7174405;4555078;2167.137087;3417.225783;16026;2.181420;16099;3.451462
2M;0;16;1;6992946;8298940;4447.176313;3737.955655;7982;2.229367;7747;1.823228
2M;0;16;2;7135490;7914565;4357.459238;3918.394156;8112;2.220415;7863;1.940400
2M;0;16;3;7146283;7983034;4349.278729;3886.735759;8100;2.213782;7853;1.921311
2M;0;16;4;7129075;10574333;4360.651344;2926.460860;7994;2.190085;7728;1.427395
4M;0;16;1;7015523;10586346;8853.207570;5834.978129;4029;2.243351;3978;1.467840
4M;0;16;2;7140021;13483457;8694.711305;4594.989090;4055;2.218459;4056;1.175051
4M;0;16;3;7153811;12611409;8682.311139;4888.861568;4042;2.207084;3883;1.202718
4M;0;16;4;7115526;12259358;8733.428312;5049.670864;4018;2.205784;3556;1.133063
8M;0;16;1;7046761;12920695;17552.554218;9518.732136;1999;2.216222;1998;1.208091
8M;0;16;2;7116318;13064622;17396.089619;9424.630021;2018;2.215419;1996;1.193586
8M;0;16;3;7150523;13068715;17259.531926;9407.868706;2002;2.187340;2002;1.196799
8M;0;16;4;7035902;12930716;17574.800025;9489.564057;2019;2.241850;1983;1.198092
16M;0;16;1;7034648;13091647;34919.451717;18721.554158;1002;2.225591;984;1.174413
16M;0;16;2;6997410;13345902;35109.529906;18437.461264;1002;2.237435;971;1.136819
16M;0;16;3;7060807;13493592;34834.055664;18257.207463;999;2.210707;1001;1.159115
16M;0;16;4;7210098;13052944;34159.201695;18708.344010;995;2.156264;897;1.073752
4k;0;32;1;0056354;0020901;2171.540916;5840.588854;7807312;528.486644;8230650;1502.166843
4k;0;32;2;0057636;0021565;2118.182386;5660.951628;8084208;535.058543;8243810;1458.284787
4k;0;32;3;0054801;0021563;2228.748850;5661.764156;7906902;550.400264;8170242;1445.383668
4k;0;32;4;0055964;0021425;2181.390645;5697.817706;8133349;554.392150;8236341;1466.463928
8k;0;32;1;0117512;0038651;2078.619049;6317.199716;3724174;241.789417;4107680;810.832513
8k;0;32;2;0112923;0038622;2162.071145;6321.675900;4115709;278.069852;4045641;799.169816
8k;0;32;3;0119380;0038968;2045.286719;6265.890868;4025152;257.241025;4116539;805.970502
8k;0;32;4;0116467;0038653;2096.989562;6316.786423;3828761;250.809360;4128929;814.975096
16k;0;32;1;0230679;0075026;2116.975847;6509.328572;2010789;133.008183;2004217;407.617542
16k;0;32;2;0232798;0074941;2098.009702;6516.907702;1933050;126.702090;1996762;406.562541
16k;0;32;3;0252389;0074485;1935.521157;6556.672863;1871050;113.118903;2032569;416.387926
16k;0;32;4;0231231;0074514;2112.125264;6553.362720;1953538;128.912742;2052854;420.377360
32k;0;32;1;0461405;0151039;2117.274599;6466.568580;948936;62.763156;1003535;202.764903
32k;0;32;2;0462602;0147990;2111.224887;6599.009174;1008286;66.515963;1031350;212.678964
32k;0;32;3;0438751;0149103;2227.319824;6550.791003;909015;63.227083;1000359;204.747443
32k;0;32;4;0528068;0150306;1849.921089;6497.607645;951348;54.979374;1011152;205.300196
64k;0;32;1;0861824;0291011;2266.099776;6711.125529;499625;35.383875;507985;106.542067
64k;0;32;2;0863331;0289609;2262.458925;6743.413001;493827;34.912237;512119;107.929198
64k;0;32;3;0876397;0291812;2228.340408;6695.819368;506590;35.280591;463686;96.984256
64k;0;32;4;0886189;0291459;2204.096067;6701.093064;491648;33.861635;512580;107.340689
128k;0;32;1;1645906;0589440;2373.264201;6627.035713;249537;18.507164;241550;50.023873
128k;0;32;2;1979513;0589020;1972.833582;6633.184238;251685;15.520622;238135;49.351865
128k;0;32;3;1521898;0580380;2566.826442;6730.113867;246831;19.798130;244202;51.362599
128k;0;32;4;1519267;0573310;2573.012074;6812.236796;242141;19.455586;255900;54.486781
256k;0;32;1;2515659;1156836;3122.922576;6750.316353;85614;8.308701;126491;26.694881
256k;0;32;2;2440894;1166442;3200.337536;6693.953605;121095;12.112040;127173;26.617773
256k;0;32;3;2482330;1160009;3147.501724;6731.539306;118889;11.692900;126793;26.685411
256k;0;32;4;2530365;1162593;3105.413077;6716.624198;88158;8.505866;125535;26.361928
512k;0;32;1;4603900;2217812;3393.764911;7035.435504;55860;5.924410;62838;13.834636
512k;0;32;2;4482726;2299849;3481.225279;6787.577518;61869;6.739085;59576;12.648588
512k;0;32;3;5237468;2252586;2981.384900;6928.042653;56038;5.224338;61991;13.437465
512k;0;32;4;4497699;2266877;3470.534932;6884.552629;60066;6.520913;62537;13.470356
1M;0;32;1;6863454;4863087;4533.668945;6412.928410;31222;4.442404;27717;5.565885
1M;0;32;2;6852267;5007277;4539.549949;6221.974072;31275;4.457210;30586;5.965146
1M;0;32;3;6571804;4548365;4736.499369;6852.587674;31160;4.630340;30622;6.574736
1M;0;32;4;6553637;5835658;4748.934828;5333.229099;30812;4.591320;31276;5.233852
2M;0;32;1;6941321;7670419;8961.496449;8098.086708;15856;4.461507;15149;3.857402
2M;0;32;2;6787221;7803552;9174.113856;7966.073238;15249;4.388129;12217;3.057752
2M;0;32;3;6893264;7745507;9023.354829;8013.556869;15734;4.458043;15353;3.871448
2M;0;32;4;6895483;7711206;9019.178298;8059.088846;15740;4.458308;15424;3.906652
4M;0;32;1;6906079;10694299;18014.818977;11632.138912;7823;4.424883;7654;2.795736
4M;0;32;2;6737536;10844543;18475.168417;11389.150950;7845;4.548329;6175;2.224261
4M;0;32;3;6727290;10667339;18488.831673;11612.701834;7794;4.525643;6846;2.506922
4M;0;32;4;6853896;10827618;18145.686835;11423.194763;7909;4.507587;7536;2.718742
8M;0;32;1;6798896;13314937;36483.377420;18486.294377;3911;4.494066;3831;2.247828
8M;0;32;2;6872931;13316218;36089.036701;18457.088811;3948;4.487714;3801;2.230011
8M;0;32;3;6816292;13325369;36315.172635;18441.038621;3913;4.484889;3698;2.168092
8M;0;32;4;6873875;13298158;36039.217540;18555.868732;3957;4.497327;3767;2.213065
16M;0;32;1;6716745;13432472;73414.808752;36599.561082;1946;4.526932;1978;2.300861
16M;0;32;2;6848701;13415708;71708.514781;36653.194821;1956;4.462525;1850;2.154657
16M;0;32;3;6875549;13414397;71668.846799;36622.385641;1972;4.481460;1877;2.186317
16M;0;32;4;6855695;13416139;72062.373977;36511.014582;1973;4.496718;1922;2.238442
4k;0;64;1;0051338;0020255;4771.159312;12053.488825;15660955;1163.694241;16526597;3112.437391
4k;0;64;2;0055088;0020311;4432.013389;12020.574098;16449025;1139.059124;16580262;3114.040296
4k;0;64;3;0054953;0021364;4442.934984;11428.228209;16392005;1137.888259;16445617;2936.537611
4k;0;64;4;0052801;0021072;4624.209291;11586.268604;16293841;1177.184095;16442510;2976.655772
8k;0;64;1;0114853;0037258;4251.552187;13105.548860;8184019;543.645617;8282792;1696.083397
8k;0;64;2;0106591;0038420;4582.517265;12708.970508;7581334;542.643232;8283385;1644.888964
8k;0;64;3;0116035;0038516;4208.091310;12677.371461;8246686;542.226543;8246905;1633.570866
8k;0;64;4;0115253;0038583;4236.869675;12655.550861;8165322;540.517559;8263322;1633.995367
16k;0;64;1;0231671;0072256;4215.444378;13515.340656;4062313;267.560396;4050068;855.279479
16k;0;64;2;0230158;0071853;4243.128488;13592.789458;4045293;268.190296;4035173;856.915543
16k;0;64;3;0235262;0073890;4151.105372;13216.464145;4059241;263.276895;4092820;845.198784
16k;0;64;4;0234087;0073887;4171.964843;13216.959951;4071631;265.406749;4096149;845.916665
32k;0;64;1;0452701;0149561;4314.329177;13058.583090;2013932;135.763722;2045752;417.430405
32k;0;64;2;0484024;0149722;4035.043562;13044.652199;1992844;125.648159;2044181;416.662399
32k;0;64;3;0457457;0149863;4269.707978;13032.600648;1996516;133.190375;2007708;408.842685
32k;0;64;4;0471727;0148880;4140.736265;13118.417134;1960119;126.806499;2018337;413.721962
64k;0;64;1;0878551;0292805;4445.847405;13338.650715;1009860;70.157517;1029440;214.586309
64k;0;64;2;0872946;0296968;4474.472736;13152.655068;1016026;71.039126;1013859;208.376170
64k;0;64;3;0865390;0295582;4513.741328;13215.127395;1005267;70.900517;997033;205.878697
64k;0;64;4;0825438;0293761;4732.114904;13295.951447;1018482;75.309393;1028317;213.654624
128k;0;64;1;1531635;0583325;5100.066471;13389.841475;503289;40.111797;502948;105.250036
128k;0;64;2;1611219;0576983;4847.953578;13537.190254;502308;38.056213;507246;107.316210
128k;0;64;3;1526078;0578142;5119.140827;13510.082776;496249;39.694729;498627;105.281302
128k;0;64;4;1544911;0576129;5056.128712;13556.455634;500997;39.586009;512386;108.564438
256k;0;64;1;2528886;1172066;6179.571088;13323.420466;234020;22.592470;249037;51.874273
256k;0;64;2;2701945;1160443;5779.867975;13456.043391;247833;22.393539;252979;53.223176
256k;0;64;3;2516094;1162085;6209.915055;13436.791166;238734;23.164746;254623;53.493352
256k;0;64;4;2458113;1149442;6354.850654;13588.225292;249510;24.781422;246230;52.299051
512k;0;64;1;5635326;2259966;5534.582812;13809.318078;120141;10.409797;123994;26.789764
512k;0;64;2;4620707;2268438;6755.230502;13758.112787;118407;12.512354;122560;26.381033
512k;0;64;3;4639919;2253035;6727.741965;13852.734159;119780;12.605032;123927;26.857658
512k;0;64;4;5564412;2292212;5606.791996;13613.841580;122785;10.774475;122430;26.079726
1M;0;64;1;6580494;4903189;9456.301370;12706.121243;62572;9.285848;59086;11.768091
1M;0;64;2;6620007;5138721;9399.650307;12121.289027;63472;9.363189;58676;11.150787
1M;0;64;3;6634998;4587948;9377.632572;13586.360515;62970;9.268147;60685;12.917036
1M;0;64;4;6623073;5176705;9397.744299;12031.741248;63276;9.329955;60783;11.466445
2M;0;64;1;6660329;7921247;18685.965152;15676.800547;31470;9.228499;28564;7.042965
2M;0;64;2;6613896;7990274;18820.613600;15553.551620;30949;9.139434;29154;7.126340
2M;0;64;3;6646613;8018886;18726.810115;15497.269580;31419;9.232557;29278;7.131114
2M;0;64;4;6680198;7946498;18632.802391;15631.307033;31344;9.164212;28802;7.079081
4M;0;64;1;6632892;11161695;37501.397312;22210.653025;15506;9.131810;14377;5.031508
4M;0;64;2;6627070;11115545;37592.756939;22271.896164;15714;9.262436;14477;5.087540
4M;0;64;3;6608016;11129174;37645.634114;22256.837290;15608;9.226484;14558;5.109740
4M;0;64;4;6604763;11130832;37674.720388;22300.028349;15827;9.360550;14313;5.022999
8M;0;64;1;6634079;13452395;74810.011919;36608.325142;7817;9.205545;7859;4.564127
8M;0;64;2;6629535;13466752;74957.261018;36586.554714;7716;9.092832;7896;4.580726
8M;0;64;3;6616933;13458760;74973.833473;36568.749259;7828;9.242386;7900;4.585768
8M;0;64;4;6633518;13446020;74882.389354;36607.057868;7832;9.223989;7909;4.595342
16M;0;64;1;6582490;13487933;150075.744159;73071.251883;3815;9.055749;3931;4.553839
16M;0;64;2;6567229;13464394;150362.140794;73121.190557;3949;9.395611;3924;4.553677
16M;0;64;3;6606383;13448113;149858.579255;73267.136665;3933;9.302084;3954;4.594046
16M;0;64;4;6593093;13485281;150321.390680;73052.599902;3871;9.173900;3948;4.574432
4k;0;128;1;0055333;0020114;8840.428347;24276.154319;31869779;2197.141490;33222057;6300.811295
4k;0;128;2;0055801;0020006;8750.490730;24407.442453;33096910;2262.596229;33109159;6313.274046
4k;0;128;3;0056314;0020983;8670.829948;23270.264422;32903670;2228.884469;33148021;6026.241904
4k;0;128;4;0055593;0021283;8783.238450;22942.669677;33009960;2265.089223;33144738;5940.808839
8k;0;128;1;0117764;0038658;8292.452741;25261.118463;16540233;1071.566350;16633655;3282.743529
8k;0;128;2;0117752;0038580;8293.309912;25312.107311;16576370;1074.017971;16637682;3290.161894
8k;0;128;3;0116982;0038332;8347.943278;25475.732932;16533804;1078.314213;16652640;3314.411745
8k;0;128;4;0117448;0038314;8314.762957;25488.220520;16582470;1077.196828;16628939;3311.316885
16k;0;128;1;0235521;0074162;8292.754467;26335.260498;8225792;532.926765;8266503;1700.836243
16k;0;128;2;0235197;0073220;8304.002473;26673.834317;8270810;536.583004;8290040;1727.617543
16k;0;128;3;0234466;0074110;8329.876505;26353.409972;8270352;538.226137;8302542;1709.437275
16k;0;128;4;0236129;0072193;8271.231152;27055.098273;8253627;533.353299;8141202;1720.735436
32k;0;128;1;0460032;0149745;8490.879532;26084.019326;4049216;268.616747;4117587;839.151191
32k;0;128;2;0462752;0149786;8440.744350;26076.869623;4101333;270.474558;4114809;838.354349
32k;0;128;3;0465683;0146348;8387.887324;26689.842273;4071308;266.804575;4082799;851.373352
32k;0;128;4;0460398;0142414;8484.212169;27428.196066;4046773;268.241291;4073884;872.986503
64k;0;128;1;0869219;0293145;8986.583815;26646.448780;2035399;142.922377;2057768;428.443559
64k;0;128;2;0884508;0294144;8831.309268;26556.104533;2010097;138.706058;2056865;426.801313
64k;0;128;3;0896833;0292000;8709.789563;26750.800980;2048414;139.407467;2042705;426.975739
64k;0;128;4;0884140;0288601;8834.658596;27066.701931;2038202;140.703881;2041408;431.729702
128k;0;128;1;1545121;0578911;10110.187900;26982.128189;978794;77.328357;1023496;215.816347
128k;0;128;2;1460175;0573508;10698.616993;27235.753387;995956;83.261714;1022838;217.709594
128k;0;128;3;1536980;0573728;10163.535781;27225.731510;982737;78.051125;1004965;213.823295
128k;0;128;4;1582459;0580884;9871.622016;26889.911185;992101;76.530295;1014342;213.159688
256k;0;128;1;2521766;1156692;12393.105682;26999.313885;487284;47.175601;503296;106.229697
256k;0;128;2;2546800;1165874;12269.204598;26785.988209;477276;45.752490;505990;105.957168
256k;0;128;3;2500375;1159416;12493.690360;26937.277108;493621;48.197938;501440;105.589258
256k;0;128;4;2553761;1164709;12237.944059;26812.125594;484831;46.350054;503309;105.501173
512k;0;128;1;4605240;2251521;13552.946940;27722.382983;243566;25.824649;247280;53.626936
512k;0;128;2;4636942;2278318;13462.729330;27402.768730;242132;25.497088;245104;52.529836
512k;0;128;3;4643309;2264356;13444.600794;27563.761831;242728;25.524800;248300;53.542924
512k;0;128;4;4594123;2259562;13587.783687;27624.586577;242801;25.805836;237479;51.318151
1M;0;128;1;6947315;5071704;17907.027175;24552.411558;127626;17.939990;120618;23.225134
1M;0;128;2;6924125;4912808;17971.472551;25349.814415;128097;18.066503;123158;24.481211
1M;0;128;3;6891892;4564536;18056.098675;27298.451352;126973;17.991732;121048;25.897690
1M;0;128;4;6942856;5105885;17921.442119;24396.583908;127234;17.896376;119933;22.938644
2M;0;128;1;6904012;7791781;36045.886410;31893.936480;63024;17.829308;57712;14.466366
2M;0;128;2;6939204;7837852;35869.576035;31717.822031;63619;17.906357;58135;14.486740
2M;0;128;3;6867500;7813071;36240.141286;31815.021706;63787;18.141097;59019;14.753672
2M;0;128;4;6917166;7802268;35968.990669;31873.894971;63493;17.927829;59569;14.911780
4M;0;128;1;6935144;10931867;71787.795115;45361.906765;31908;17.972319;29848;10.665493
4M;0;128;2;6865647;10900114;72527.108621;45488.511345;31410;17.870904;28026;10.043616
4M;0;128;3;6983262;10874106;71262.182704;45614.216563;32047;17.926234;29029;10.427941
4M;0;128;4;6733931;10853464;73931.900618;45699.657220;31734;18.408405;28879;10.393787
8M;0;128;1;6873006;13562234;144615.783581;72536.391928;15886;18.057511;15660;9.020914
8M;0;128;2;6926163;13584413;143453.763192;72586.281051;15875;17.906515;15689;9.022864
8M;0;128;3;6914970;13558853;143901.489778;72591.504427;15764;17.810092;15656;9.020859
8M;0;128;4;6895708;13581135;144286.717955;72509.968999;15856;17.964072;15697;9.029644
16M;0;128;1;6869212;13575322;287531.134630;144848.193875;7872;17.905983;7778;8.952366
16M;0;128;2;6896115;13600720;286438.557535;144850.536522;7857;17.802144;7799;8.959774
16M;0;128;3;6806212;13576611;290393.467172;144776.807535;7838;17.993672;7634;8.785790
16M;0;128;4;6868205;13580429;287262.968016;145036.327981;7788;17.717512;7739;8.904128
size;mode;workers;reps;write (GiB/s);reads (GiB/s);write latency;read latency;write iops;time write iops;read iops;time read iops
size;mode;workers;reps;write (GiB/s);reads (GiB/s);write latency;read latency;write iops;time write iops;read iops;time read iops
