<?xml version="1.0" encoding="UTF-8" standalone="no"?>
<LoganContent xmlns="http://www.oracle.com/DataCenter/LogAnalyticsStd" content_version="3.114.1.0.0" name="content_cisnetworkadb" oms_version="3.114.1.0.0">
   <Field oms_version="3.114.1.0.0">
      <DisplayName>Cluster_Placement_Group_Id</DisplayName>
      <FieldType>1</FieldType>
      <IsSystem>0</IsSystem>
      <IsPrimary>1</IsPrimary>
      <DataType>STRING</DataType>
      <IsMetricKeyEligible>0</IsMetricKeyEligible>
      <IsMetricValueEligible>0</IsMetricValueEligible>
      <FacetEligible>1</FacetEligible>
      <RangeFacetEligible>0</RangeFacetEligible>
      <TableEligible>1</TableEligible>
      <FacetPriority>1</FacetPriority>
      <Summarizable>1</Summarizable>
      <HighCardinality>1</HighCardinality>
      <LargeData>0</LargeData>
      <MultiValued>0</MultiValued>
      <SMAEnabledSetting>0</SMAEnabledSetting>
   </Field>
   <Field oms_version="3.114.1.0.0">
      <DisplayName>Security_attributes</DisplayName>
      <FieldType>1</FieldType>
      <IsSystem>0</IsSystem>
      <IsPrimary>1</IsPrimary>
      <DataType>STRING</DataType>
      <IsMetricKeyEligible>0</IsMetricKeyEligible>
      <IsMetricValueEligible>0</IsMetricValueEligible>
      <FacetEligible>1</FacetEligible>
      <RangeFacetEligible>0</RangeFacetEligible>
      <TableEligible>1</TableEligible>
      <FacetPriority>1</FacetPriority>
      <Summarizable>1</Summarizable>
      <HighCardinality>1</HighCardinality>
      <LargeData>0</LargeData>
      <MultiValued>0</MultiValued>
      <SMAEnabledSetting>0</SMAEnabledSetting>
   </Field>
   <Field oms_version="3.114.1.0.0">
      <DisplayName>Date Created</DisplayName>
      <FieldType>1</FieldType>
      <IsSystem>0</IsSystem>
      <IsPrimary>1</IsPrimary>
      <DataType>TIMESTAMP</DataType>
      <IsMetricKeyEligible>0</IsMetricKeyEligible>
      <IsMetricValueEligible>0</IsMetricValueEligible>
      <FacetEligible>1</FacetEligible>
      <RangeFacetEligible>0</RangeFacetEligible>
      <TableEligible>1</TableEligible>
      <FacetPriority>1</FacetPriority>
      <Summarizable>1</Summarizable>
      <HighCardinality>1</HighCardinality>
      <LargeData>0</LargeData>
      <MultiValued>0</MultiValued>
      <SMAEnabledSetting>0</SMAEnabledSetting>
   </Field>
   <Field oms_version="3.114.1.0.0">
      <DisplayName>Defined_Tags</DisplayName>
      <FieldType>1</FieldType>
      <IsSystem>0</IsSystem>
      <IsPrimary>1</IsPrimary>
      <DataType>STRING</DataType>
      <IsMetricKeyEligible>0</IsMetricKeyEligible>
      <IsMetricValueEligible>0</IsMetricValueEligible>
      <FacetEligible>1</FacetEligible>
      <RangeFacetEligible>0</RangeFacetEligible>
      <TableEligible>1</TableEligible>
      <FacetPriority>1</FacetPriority>
      <Summarizable>1</Summarizable>
      <HighCardinality>1</HighCardinality>
      <LargeData>0</LargeData>
      <MultiValued>1</MultiValued>
      <SMAEnabledSetting>0</SMAEnabledSetting>
   </Field>
   <Field oms_version="3.114.1.0.0">
      <DisplayName>KMS_key_id</DisplayName>
      <FieldType>1</FieldType>
      <IsSystem>0</IsSystem>
      <IsPrimary>1</IsPrimary>
      <DataType>STRING</DataType>
      <IsMetricKeyEligible>0</IsMetricKeyEligible>
      <IsMetricValueEligible>0</IsMetricValueEligible>
      <FacetEligible>1</FacetEligible>
      <RangeFacetEligible>0</RangeFacetEligible>
      <TableEligible>1</TableEligible>
      <FacetPriority>1</FacetPriority>
      <Summarizable>1</Summarizable>
      <HighCardinality>1</HighCardinality>
      <LargeData>0</LargeData>
      <MultiValued>0</MultiValued>
      <SMAEnabledSetting>0</SMAEnabledSetting>
   </Field>
   <Field oms_version="3.114.1.0.0">
      <DisplayName>Freeform_tags</DisplayName>
      <FieldType>1</FieldType>
      <IsSystem>0</IsSystem>
      <IsPrimary>1</IsPrimary>
      <DataType>STRING</DataType>
      <IsMetricKeyEligible>0</IsMetricKeyEligible>
      <IsMetricValueEligible>0</IsMetricValueEligible>
      <FacetEligible>1</FacetEligible>
      <RangeFacetEligible>0</RangeFacetEligible>
      <TableEligible>1</TableEligible>
      <FacetPriority>1</FacetPriority>
      <Summarizable>1</Summarizable>
      <HighCardinality>1</HighCardinality>
      <LargeData>0</LargeData>
      <MultiValued>1</MultiValued>
      <SMAEnabledSetting>0</SMAEnabledSetting>
   </Field>
   <Parser oms_version="3.114.1.0.0" tokenize_orig_text="1" type="4">
      <Name>cis_networking_adb</Name>
      <DisplayName>cis_networking_adb</DisplayName>
      <IsSingleLineContent>1</IsSingleLineContent>
      <HeaderContent>id,compartment_id,subscription_id,lifecycle_state,lifecycle_details,kms_key_id,vault_id,kms_key_lifecycle_details,encryption_key,kms_key_version_id,db_name,character_set,ncharacter_set,in_memory_percentage,in_memory_area_in_gbs,next_long_term_backup_time_stamp,long_term_backup_schedule,is_free_tier,system_tags,time_reclamation_of_free_autonomous_database,time_deletion_of_free_autonomous_database,backup_config,key_history_entry,encryption_key_history_entry,cpu_core_count,local_adg_auto_failover_max_data_loss_limit,compute_model,compute_count,backup_retention_period_in_days,total_backup_storage_size_in_gbs,ocpu_count,provisionable_cpus,data_storage_size_in_tbs,memory_per_oracle_compute_unit_in_gbs,memory_per_compute_unit_in_gbs,data_storage_size_in_gbs,used_data_storage_size_in_gbs,infrastructure_type,is_dedicated,autonomous_container_database_id,is_backup_retention_locked,time_undeleted,time_earliest_available_db_version_upgrade,time_latest_available_db_version_upgrade,time_scheduled_db_version_upgrade,time_created,display_name,service_console_url,connection_strings,connection_urls,public_connection_urls,license_model,byol_compute_count_limit,used_data_storage_size_in_tbs,freeform_tags,defined_tags,security_attributes,subnet_id,nsg_ids,private_endpoint,public_endpoint,private_endpoint_label,private_endpoint_ip,db_version,is_preview,db_workload,is_dev_tier,is_access_control_enabled,whitelisted_ips,are_primary_whitelisted_ips_used,standby_whitelisted_ips,apex_details,is_auto_scaling_enabled,data_safe_status,operations_insights_status,database_management_status,time_maintenance_begin,time_maintenance_end,maintenance_target_component,is_refreshable_clone,time_of_last_refresh,time_of_last_refresh_point,time_of_next_refresh,open_mode,refreshable_status,refreshable_mode,source_id,permission_level,time_of_last_switchover,time_of_last_failover,is_data_guard_enabled,failed_data_recovery_in_seconds,standby_db,is_local_data_guard_enabled,is_remote_data_guard_enabled,local_standby_db,role,available_upgrade_versions,key_store_id,key_store_wallet_name,auto_refresh_frequency_in_seconds,auto_refresh_point_lag_in_seconds,time_of_auto_refresh_start,supported_regions_to_clone_to,customer_contacts,time_local_data_guard_enabled,dataguard_region_type,time_data_guard_role_changed,peer_db_ids,is_mtls_connection_required,time_of_joining_resource_pool,resource_pool_leader_id,resource_pool_summary,is_reconnect_clone_enabled,time_until_reconnect_clone_enabled,autonomous_maintenance_schedule_type,scheduled_operations,is_auto_scaling_for_storage_enabled,allocated_storage_size_in_tbs,actual_used_data_storage_size_in_tbs,database_edition,db_tools_details,local_disaster_recovery_type,disaster_recovery_region_type,time_disaster_recovery_role_changed,remote_disaster_recovery_configuration,net_services_architecture,availability_domain,cluster_placement_group_id,clone_table_space_list,region,deep_link,error,extract_date</HeaderContent>
      <ExampleContent>ocid1.autonomousdatabase.o,ocid1.compartment.o,,STOPPED,,ORACLE_MANAGED_KEY,,,{'provider': 'ORACLE_MANAGED'},,test,AL32UTF8,AL16UTF16,,,,,False,{},,,"{'manual_backup_bucket_name': None, 'manual_backup_type': 'NONE'}","[{'id': 'ORACLE_MANAGED_KEY', 'kms_key_version_id': None, 'vault_id': None, 'time_activated': '2025-06-17T13:23:22.412000+00:00'}]","[{'encryption_key': {'provider': 'ORACLE_MANAGED'}, 'time_activated': '2025-06-17T13:23:22.412000+00:00'}]",0,,ECPU,4.0,60,17.0,,,,,,20,,,False,,False,,2025-09-24T05:30:00+00:00,2025-10-24T04:30:00+00:00,,2025-06-17T13:21:59.847000+00:00,adbtest,,"{'high': 'test.oraclecloud.com:1522/testing.adb.oraclecloud.com', 'medium': 'test.oraclecloud.com:1522/testing_medium.adb.oraclecloud.com', 'low': 'test.oraclecloud.com:1522/testing_low.adb.oraclecloud.com', 'dedicated': None, 'all_connection_strings': {'HIGH': 'test.oraclecloud.com:1522/testing.adb.oraclecloud.com', 'MEDIUM': 'test.oraclecloud.com:1522/testing_medium.adb.oraclecloud.com', 'LOW': 'test.oraclecloud.com:1522/testing_low.adb.oraclecloud.com'}, 'profiles': [{'display_name': 'adbtest_high', 'value': '(description= (retry_count=20)(retry_delay=3)(address=(protocol=tcps)(port=1522)(host=test.oraclecloud.com))(connect_data=(service_name=testing.adb.oraclecloud.com))(security=(ssl_server_dn_match=yes)))', 'consumer_group': 'HIGH', 'protocol': 'TCPS', 'tls_authentication': 'MUTUAL', 'host_format': 'FQDN', 'session_mode': 'DIRECT', 'syntax_format': 'LONG', 'is_regional': None}, {'display_name': 'adbtest_low', 'value': '(description= (retry_count=20)(retry_delay=3)(address=(protocol=tcps)(port=1522)(host=test.oraclecloud.com))(connect_data=(service_name=testing_low.adb.oraclecloud.com))(security=(ssl_server_dn_match=yes)))', 'consumer_group': 'LOW', 'protocol': 'TCPS', 'tls_authentication': 'MUTUAL', 'host_format': 'FQDN', 'session_mode': 'DIRECT', 'syntax_format': 'LONG', 'is_regional': None}, {'display_name': 'adbtest_medium', 'value': '(description= (retry_count=20)(retry_delay=3)(address=(protocol=tcps)(port=1522)(host=test.oraclecloud.com))(connect_data=(service_name=testing_medium.adb.oraclecloud.com))(security=(ssl_server_dn_match=yes)))', 'consumer_group': 'MEDIUM', 'protocol': 'TCPS', 'tls_authentication': 'MUTUAL', 'host_format': 'FQDN', 'session_mode': 'DIRECT', 'syntax_format': 'LONG', 'is_regional': None}]}","{'sql_dev_web_url': 'https://TEST.test.oraclecloudapps.com/ords/sql-developer', 'apex_url': 'https://xxxxx.test.oraclecloudapps.com/ords/apex', 'machine_learning_user_management_url': 'https://xxxx.test.oraclecloudapps.com/omlusers/', 'graph_studio_url': 'https://xxxx.test.oraclecloudapps.com/graphstudio/', 'mongo_db_url': None, 'machine_learning_notebook_url': 'https://xxxx.test.oraclecloudapps.com/oml/', 'ords_url': 'https://xxxx.test.oraclecloudapps.com/ords/', 'database_transforms_url': 'https://xxxx.test.oraclecloudapps.com/odi/'}",,LICENSE_INCLUDED,,,{},"{'CCA_Basic_Tag': {'email': 'test@example.com'}, 'Oracle-Standard': {'CostCenter': 'dev'}, 'Oracle_Tags': {'CreatedBy': 'test@example.com', 'CreatedOn': '2025-06-17T13:21:59.807Z'}}",{},,,,,,,19c,False,DW,True,,,,,"{'apex_version': '24.2.8', 'ords_version': '25.2.3.224.1517'}",False,NOT_REGISTERED,NOT_ENABLED,,2025-09-27T09:00:00+00:00,2025-09-27T11:00:00+00:00,Database,,,,,READ_WRITE,,,,UNRESTRICTED,,,False,,,False,False,,,['23ai'],,,,,,"['AMS', 'ZRH', 'LHR', 'MTZ', 'JED', 'RUH', 'LIN', 'CDG', 'PHX', 'MAD', 'IAD', 'DXB', 'ARN', 'SIN', 'MRS', 'HYD', 'ORD', 'CWL', 'SJC', 'BOM', 'MEL', 'NRT', 'KIX', 'YUL', 'YYZ', 'SYD']",[{'email': 'testtt'}],,,,,True,,,"{'pool_size': None, 'total_compute_capacity': None, 'available_compute_capacity': None, 'is_disabled': True}",False,,REGULAR,,False,0.0078125,0.0,,"[{'name': 'APEX', 'is_enabled': True, 'compute_count': None, 'max_idle_time_in_minutes': None}, {'name': 'DATA_TRANSFORMS', 'is_enabled': True, 'compute_count': 8.0, 'max_idle_time_in_minutes': 30}, {'name': 'DATABASE_ACTIONS', 'is_enabled': True, 'compute_count': None, 'max_idle_time_in_minutes': None}, {'name': 'UNKNOWN_ENUM_VALUE', 'is_enabled': True, 'compute_count': 32.0, 'max_idle_time_in_minutes': 10}, {'name': 'GRAPH_STUDIO', 'is_enabled': True, 'compute_count': 8.0, 'max_idle_time_in_minutes': 60}, {'name': 'MONGODB_API', 'is_enabled': True, 'compute_count': None, 'max_idle_time_in_minutes': None}, {'name': 'OML', 'is_enabled': True, 'compute_count': 8.0, 'max_idle_time_in_minutes': 60}, {'name': 'ORDS', 'is_enabled': True, 'compute_count': None, 'max_idle_time_in_minutes': None}]",BACKUP_BASED,,,,,b-FRANKFURT-1-AD-2,,,eu-frankfurt-1,"=HYPERLINK(""https://cloud.oracle.com"",""xxxx"")",,2020-09-24T04:30:16</ExampleContent>
      <IsSystem>0</IsSystem>
      <Encoding>UTF-8</Encoding>
      <Language>en_US</Language>
      <ParserFields>
         <ParserField>
            <FieldSeq>131</FieldSeq>
            <FieldName>region</FieldName>
         </ParserField>
         <ParserField>
            <FieldSeq>56</FieldSeq>
            <FieldName>udfsm4</FieldName>
         </ParserField>
         <ParserField>
            <FieldSeq>6</FieldSeq>
            <FieldName>udfs128</FieldName>
         </ParserField>
         <ParserField>
            <FieldSeq>134</FieldSeq>
            <FieldName>time</FieldName>
         </ParserField>
         <ParserField>
            <FieldSeq>64</FieldSeq>
            <FieldName>dbver</FieldName>
         </ParserField>
         <ParserField>
            <FieldSeq>97</FieldSeq>
            <FieldName>role</FieldName>
         </ParserField>
         <ParserField>
            <FieldSeq>11</FieldSeq>
            <FieldName>dbname</FieldName>
         </ParserField>
         <ParserField>
            <FieldSeq>46</FieldSeq>
            <FieldName>udfd3</FieldName>
         </ParserField>
         <ParserField>
            <FieldSeq>58</FieldSeq>
            <FieldName>ocisubnetocid</FieldName>
         </ParserField>
         <ParserField>
            <FieldSeq>57</FieldSeq>
            <FieldName>udfs135</FieldName>
         </ParserField>
         <ParserField>
            <FieldSeq>1</FieldSeq>
            <FieldName>ident</FieldName>
         </ParserField>
         <ParserField>
            <FieldSeq>2</FieldSeq>
            <FieldName>compartmentid</FieldName>
         </ParserField>
         <ParserField>
            <FieldSeq>129</FieldSeq>
            <FieldName>udfs133</FieldName>
         </ParserField>
         <ParserField>
            <FieldSeq>55</FieldSeq>
            <FieldName>udfsm5</FieldName>
         </ParserField>
         <ParserField>
            <FieldSeq>128</FieldSeq>
            <FieldName>availdomain</FieldName>
         </ParserField>
         <ParserField>
            <FieldSeq>3</FieldSeq>
            <FieldName>subscriberid</FieldName>
         </ParserField>
      </ParserFields>
      <WrittenOnce>0</WrittenOnce>
      <IsDefaultParser>1</IsDefaultParser>
      <FieldDelimiter>,</FieldDelimiter>
      <FieldQualifier>"</FieldQualifier>
   </Parser>
   <Source configWarningSettings="0" name="CISNetworkingADB" oms_version="3.114.1.0.0">
      <SourceType>os_file</SourceType>
      <TargetTypes>
         <TargetType>omc_host_linux</TargetType>
      </TargetTypes>
      <DisplayName>CISNetworkingADB</DisplayName>
      <IsSystem>0</IsSystem>
      <IsSecureContent>1</IsSecureContent>
      <Parsers>
         <Parser>
            <ParserSeq>1</ParserSeq>
            <ParserName>cis_networking_adb</ParserName>
         </Parser>
      </Parsers>
      <IsHidden>0</IsHidden>
      <IsSMAEnabled>0</IsSMAEnabled>
   </Source>
   <FieldNameMaps>
      <FieldNameMap>
         <Name>udfs133</Name>
         <DisplayName>Cluster_Placement_Group_Id</DisplayName>
      </FieldNameMap>
      <FieldNameMap>
         <Name>udfs135</Name>
         <DisplayName>Security_attributes</DisplayName>
      </FieldNameMap>
      <FieldNameMap>
         <Name>udfd3</Name>
         <DisplayName>Date Created</DisplayName>
      </FieldNameMap>
      <FieldNameMap>
         <Name>udfsm4</Name>
         <DisplayName>Defined_Tags</DisplayName>
      </FieldNameMap>
      <FieldNameMap>
         <Name>udfs128</Name>
         <DisplayName>KMS_key_id</DisplayName>
      </FieldNameMap>
      <FieldNameMap>
         <Name>udfsm5</Name>
         <DisplayName>Freeform_tags</DisplayName>
      </FieldNameMap>
   </FieldNameMaps>
</LoganContent>
