{
  "keys" : {
    "UnresolvedIntent.unresolvedMessage" : {
      "annotation" : null,
      "extensionType" : null,
      "message" : "آسف ، لم أفهم ذلك. هل يمكنك المحاولة مرة أخرى بصياغة مختلفة؟",
      "trackingId" : "1CEADE60-1F7D-432E-BACA-600268D0B077"
    },
    "z.MenuOptions" : {
      "annotation" : null,
      "extensionType" : null,
      "message" : "يمكنك القيام ببعض الأشياء",
      "trackingId" : "37C20FC5-2652-446B-944D-A28D319ED9B1"
    },
    "z.Welcome" : {
      "annotation" : null,
      "extensionType" : null,
      "message" : "مرحبًا بك في الأسئلة الشائعة عن المساعد الرقمي. أنا هنا لمساعدتك في جميع الأسئلة المتعلقة بـ ...",
      "trackingId" : "07D06291-382D-4997-BD52-EBBBC739B631"
    },
    "z.cbe.AnswerCarouselNER.CarouselPrompt.ErrorMessage" : {
      "annotation" : null,
      "extensionType" : null,
      "message" : "موضع الفهرس الذي أعطيتني إياه لتحديد إحدى بطاقات الإجابة المعروضة غير صالح.",
      "trackingId" : "91A668FD-BED3-4A5A-823C-4CF69AAFD9B8"
    },
    "z.cbe.AnswerCarouselNER.CarouselPrompt.Prompt1" : {
      "annotation" : null,
      "extensionType" : null,
      "message" : "فيما يلي قائمة بالإجابات التي تطابق سؤالك. يمكنك تحديد إجابة لعرضها من خلال النقر على الزر الخاص بها أو بإرسال رسالة إلي باستخدام رقم الفهرس الموجود على الزر. أو يمكنك طرح سؤال آخر.",
      "trackingId" : "D4B1DAD4-8585-4C1A-A8B0-59494DCF6FDD"
    },
    "z.cbe.AnswerCarouselNER.CarouselPrompt.Prompt2" : {
      "annotation" : null,
      "extensionType" : null,
      "message" : "الإجابات التالية تتطابق مع سؤالك. الرجاء تحديد إجابة لعرضها من خلال النقر على الزر المرتبط أو إرسال رسالة إليّ برقم فهرس الزر. أو تسألني سؤالاً آخر. أنا منتظر.",
      "trackingId" : "70752108-4C77-4D43-B591-DE0D953EA40D"
    },
    "z.cbe.AnswerCarouselNER.CarouselPrompt.Prompt3" : {
      "annotation" : null,
      "extensionType" : null,
      "message" : "إليك بعض الإجابات التي تطابق سؤالك. لعرض إجابة ، انقر فوق الزر المرتبط أو أرسل لي رسالة تحتوي على رقم فهرس الزر. إذا كنت سعيدًا بالفعل بما قدمته ، فربما تريد أن تسألني سؤالاً آخر.",
      "trackingId" : "FB5221AC-9304-4383-B358-A3EFCC89BAA9"
    },
    "z.displayTopAnswer.moreButton.keywords" : {
      "annotation" : null,
      "extensionType" : null,
      "message" : "الإجابات ذات الصلة",
      "trackingId" : "8DD75ACC-A7FB-48B4-9BD4-5CBF11CCC29A"
    },
    "z.displayTopAnswer.moreButton.label" : {
      "annotation" : null,
      "extensionType" : null,
      "message" : "الإجابات ذات الصلة",
      "trackingId" : "2701649F-656B-45B8-BEB6-E662BDE63839"
    },
    "z.eeh.answerCarousel.buttons.label" : {
      "annotation" : null,
      "extensionType" : null,
      "message" : "اظهر الاجابة",
      "trackingId" : "056B8F2F-8F0A-401F-9DE4-21EB29568D68"
    },
    "z.handleNegativeFeedback.message" : {
      "annotation" : null,
      "extensionType" : null,
      "message" : "أوهه. أنا آسف لسماع هذا. شكرا لك على ملاحظاتك",
      "trackingId" : "A060A7F1-672D-4F16-93F6-3D8A82021AA5"
    },
    "z.handlePositiveFeedback.message" : {
      "annotation" : null,
      "extensionType" : null,
      "message" : "شكرًا لك. انت صنعت يومي.",
      "trackingId" : "11A45597-005F-424C-A0E0-0AF2FB24275F"
    }
  },
  "languageTag" : "ar"
}