{
    "backends": {

        "GenAI": {
            "description": "GenAI",
            "servers": [
                {
                    "url": "https://inference.generativeai.us-chicago-1.oci.oraclecloud.com/20231130/actions",
                    "description": "20231130 Actions",
                    "x-vb": {
                        "authentication": {
                            "authenticated": {
                                "type": "http_signature_oci",
                                "credentials": "vb_d042cb6f-2fce-4a26-9190-da5436c5dbe2"
                            }
                        }
                    }
                }
            ]
        },
        "TTS": {
            "servers": [
                {
                    "url": "https://speech.aiservice.us-phoenix-1.oci.oraclecloud.com/20220101/actions",
                    "description": "20220101 Actions",
                    "x-vb": {
                        "authentication": {
                            "authenticated": {
                                "type": "http_signature_oci",
                                "credentials": "vb_9810240a-bce0-42a0-8493-4c130f342b7b"
                            }
                        }
                    }
                }
            ]
        }
      }
}