{
  "botPrompts" : [ ],
  "compositeBagItems" : [ {
    "sequenceNr" : 1,
    "name" : "CarouselPrompt",
    "fullName" : "CarouselPrompt",
    "description" : "bag item of type string to display a prompt and handle user entry",
    "type" : "STRING",
    "errorMessage" : "${rb('z.cbe.AnswerCarouselNER.CarouselPrompt.ErrorMessage')}",
    "multiValue" : false,
    "multiLingual" : false,
    "fuzzyMatch" : false,
    "outOfOrderExtraction" : "NEVER",
    "promptForDisambiguation" : true,
    "prompts" : [ {
      "text" : "${rb('z.cbe.AnswerCarouselNER.CarouselPrompt.Prompt2','channelType','${skill.channelType.value}')}",
      "type" : "DEFAULT"
    }, {
      "text" : "${rb('z.cbe.AnswerCarouselNER.CarouselPrompt.Prompt1','channelType','${skill.channelType.value}')}",
      "type" : "DEFAULT"
    }, {
      "text" : "${rb('z.cbe.AnswerCarouselNER.CarouselPrompt.Prompt3','channelType','${skill.channelType.value}')}",
      "type" : "DEFAULT"
    } ],
    "defaultEndDateToStartDate" : false,
    "trackingId" : "6AAD26F6-CE58-4A90-8C17-0CA4781DC203",
    "children" : null
  }, {
    "sequenceNr" : 2,
    "name" : "PositionalSelect",
    "fullName" : "PositionalSelect",
    "description" : "metadata: bag item captures user provided index",
    "type" : "ENTITY",
    "entityName" : "NUMBER",
    "entityUsage" : {
      "type" : "NamedEntity",
      "name" : "NUMBER",
      "multiValue" : false,
      "fuzzyMatch" : false,
      "promptForDisambiguation" : true
    },
    "multiValue" : true,
    "multiLingual" : false,
    "fuzzyMatch" : false,
    "outOfOrderExtraction" : "ALWAYS",
    "extractWith" : "CarouselPrompt",
    "promptForDisambiguation" : false,
    "promptForValue" : "false",
    "defaultEndDateToStartDate" : false,
    "customSettings" : {
      "number" : {
        "version" : "1.0",
        "userLocaleEnabled" : true
      }
    },
    "trackingId" : "58DF04AA-E0D8-4A93-A200-BD68E79291BC",
    "children" : null
  } ],
  "description" : "Display a configurable number of follow-up answers in cards; allows select by position for buttons",
  "eventHandler" : "EntityEventHandlers:AnswerCarouselNER_EEH",
  "fuzzyMatch" : false,
  "multiValue" : false,
  "name" : "z.cbe.AnswerCarouselNER",
  "promptForDisambiguation" : true,
  "trackingId" : "492622A8-5C94-453C-9673-4708C6C7DF61",
  "type" : "COMPOSITEBAG",
  "validationRules" : [ ]
}