{
  "title": "Shell Header",
  "eventListeners": {
    "avatarMenuAction": {
      "chains": [
        {
          "chain": "avatarMenuActionChain",
          "parameters": {
            "menuId": "[[ $event.detail.selectedValue ]]"
          }
        }
      ]
    }
  },
  "events": {},
  "imports": {
    "components": {

      "oj-popup": {
        "path": "ojs/ojpopup"
      }
    },
    "css": [
      "/resources/css/shell.css"
    ]
  },
  "metadata": {},
  "types": {},
  "variables": {}
}