{
    "backends": {
        "ics": {
            "serviceType": "ics",
            "servers": [
                {
                    "url": "vb-catalog://backends.tenant/ics",
                    "description": "Overridden Integration Server",
                    "x-vb": {
                        "authentication": {
                            "authenticated": {
                                "type": "cloud"
                            }
                        },
                        "forceProxy": "always"
                    }
                },
                {
                    "url": "https://oicgen3devjcguk-frpj5kvxryk1-fr.integration.eu-frankfurt-1.ocp.oraclecloud.com",
                    "description": "GrnAI server",
                    "x-vb": {
                        "authentication": {
                            "authenticated": {
                                "type": "oauth2_client_credentials",
                                "clientIdCredentials": "vb_1e66571b-bcbf-443a-8278-33223e99ce5f",
                                "scope": "https://14C7C1DAAF0E4C3AAE1E72189EFF60CC.integration.eu-frankfurt-1.ocp.oraclecloud.com:443urn:opc:resource:consumer::all",
                                "authUrl": " https://idcs-930d7b2ea2cb46049963ecba3049f509.identity.oraclecloud.com/oauth2/v1/token"
                            }
                        },
                        "forceProxy": "always",
                        "profiles": [
                            "testconfiguration"
                        ]
                    }
                }
            ]
        },
        "GenAI": {
            "servers": [
                {
                    "url": "https://oicgen3devjcguk-frpj5kvxryk1-fr.integration.eu-frankfurt-1.ocp.oraclecloud.com/ic/api/integration/v1/flows/rest/I183_08_04_V2_IMAGED/1.0",
                    "description": "Ic Api",
                    "x-vb": {
                        "authentication": {
                            "authenticated": {
                                "type": "oauth2_client_credentials",
                                "clientIdCredentials": "vb_c2ef514e-ea67-45dd-9188-0c776c512b63",
                                "scope": "https://14C7C1DAAF0E4C3AAE1E72189EFF60CC.integration.eu-frankfurt-1.ocp.oraclecloud.com:443urn:opc:resource:consumer::all",
                                "authUrl": "https://idcs-930d7b2ea2cb46049963ecba3049f509.identity.oraclecloud.com/oauth2/v1/token"
                            }
                        },
                        "forceProxy": "always"
                    }
                }
            ]
        }
      }
}