{
  "title": "MindMapGenerator",
  "description": "",
  "variables": {
    "content": {
      "type": "string",
      "defaultValue": "A distributed cloud that can be wherever you need it The only cloud that delivers complete cloud services around the world, across clouds, or in your data center.  1. Multicloud Make multiple clouds work as one. Oracle offers direct database integration with Microsoft Azure as well as high performance interconnection.   2. Public cloud: The only cloud with a consistent set of services and consistent low prices across commercial and government public cloud regions.   3. Hybrid cloud Trusted cloud solutions for nearly any location, including Oracle Exadata Cloud@Customer, a highly optimized database as a service already deployed in more than 60 countries.  4. Dedicated cloud OCI Dedicated Region and Oracle Alloy are the only products that provide more than 100 cloud services at public cloud pricing entirely within your data centers.",
      "dirtyDataBehavior": "track",
      "persisted": "session"
    },
    "generated": {
      "type": "boolean",
      "defaultValue": false
    },
    "jsonLinks": {
      "type": "object[]",
      "persisted": "session"
    },
    "jsonNodes": {
      "type": "any",
      "persisted": "session"
    },
    "ojTabBar18885457971SelectedItem": {
      "type": "string",
      "defaultValue": "oj-tab-bar-1888545797-1-tab-1"
    },
    "rtLanguagesListSDP": {
      "type": "vb/ServiceDataProvider",
      "defaultValue": {
        "endpoint": "businessObjects/getall_RtLanguages",
        "keyAttributes": "langId",
        "itemsPath": "items",
        "responseType": "getallRtLanguagesResponse",
        "transformsContext": {
          "vb-textFilterAttributes": [
            "languageName"
          ]
        }
      }
    },
    "running": {
      "type": "boolean",
      "defaultValue": false
    },
    "selectedLang": {
      "type": "string"
    },
    "transcribed": {
      "type": "boolean",
      "defaultValue": false
    }

  },
  "metadata": {},
  "types": {
    "@decorators.getallRtLanguagesResponse": {
      "endpoint": "getall_RtLanguages",
      "service": "businessObjects",
      "path": "response"
    },
    "getallRtLanguagesResponse": {
      "items": [
        {
          "langId": "string",
          "languageName": "string"
        }
      ]
    }
  },
  "eventListeners": {
    "buttonAction": {
      "chains": [
        {
          "chain": "ButtonActionGenerate"
        }
      ]
    },
    "filePickerSelect": {
      "chains": [
        {
          "chain": "FilePickerSelectChain",
          "parameters": {
            "files": "[[ Array.prototype.slice.call($event.detail.files) ]]"
          }
        }
      ]
    },
    "vbEnter": {
      "chains": [
        {
          "parameters": {},
          "chain": "vbEnterListener"
        }
      ]
    }

  },
  "imports": {
    "components": {
      "oj-button": {
        "path": "ojs/ojbutton"
      },
      "oj-dialog": {
        "path": "ojs/ojdialog"
      },
      "oj-file-picker": {
        "path": "ojs/ojfilepicker"
      },
      "oj-select-single": {
        "path": "ojs/ojselectsingle"
      },
      "oj-switcher": {
        "path": "ojs/ojswitcher"
      },
      "oj-tab-bar": {
        "path": "ojs/ojnavigationlist"
      },
      "oj-text-area": {
        "path": "ojs/ojinputtext"
      }

   }
  }
}