{
    "openapi": "3.0.0",
    "info": {
        "version": "01.00.0000",
        "title": "RESTVISION",
        "x-vb": {
            "serviceType": "ics"
        }
    },
    "servers": [
        {
            "url": "vb-catalog://backends/ics/ic/api/integration/v1/flows/rest"
        }
    ],
    "paths": {
        "/RESTVISION/1.0/image": {
            "post": {
                "tags": [
                    "Default Package/RESTVISION|01.00.0000",
                    "Default Package"
                ],
                "operationId": "postRESTVISION1_0Image",
                "parameters": [],
                "requestBody": {
                    "content": {
                        "application/octet-stream": {
                            "schema": {
                                "$ref": "#/components/schemas/streamReference"
                            }
                        }
                    },
                    "required": false
                },
                "responses": {
                    "500": {
                        "description": "Faults",
                        "content": {
                            "application/json": {
                                "schema": {
                                    "$ref": "#/components/schemas/APIInvocationError"
                                }
                            }
                        }
                    },
                    "default": {
                        "description": "A sample description of the Response",
                        "content": {
                            "application/json": {
                                "schema": {
                                    "$ref": "#/components/schemas/PostRESTVISION1_0ImageResponse"
                                },
                                "examples": {
                                    "vb": {
                                        "value": {
                                                "labels": "Vehicle Bus Land vehicle Car Wheel",
                                                "ontologyClasses": ""
                                            }
                                    }
                                }
                            }
                        }
                    }
                },
                "security": [
                    {
                        "oauth2Authentication": []
                    },
                    {
                        "basicAuthentication": []
                    }
                ],
                "x-vb": {
                    "headers": {}
                }
            }
        }
    },
    "components": {
        "schemas": {
            "streamReference": {
                "type": "string"
            },
            "APIInvocationError": {
                "type": "object",
                "required": [
                    "detail",
                    "errorCode",
                    "errorDetails",
                    "title",
                    "type"
                ],
                "properties": {
                    "type": {
                        "type": "string"
                    },
                    "title": {
                        "type": "string"
                    },
                    "detail": {
                        "type": "string"
                    },
                    "errorCode": {
                        "type": "string"
                    },
                    "errorDetails": {
                        "type": "array",
                        "items": {
                            "type": "object",
                            "properties": {
                                "type": {
                                    "type": "string"
                                },
                                "instance": {
                                    "type": "string"
                                },
                                "title": {
                                    "type": "string"
                                },
                                "errorPath": {
                                    "type": "string"
                                },
                                "errorCode": {
                                    "type": "string"
                                }
                            },
                            "required": [
                                "errorCode",
                                "errorPath",
                                "instance",
                                "title",
                                "type"
                            ]
                        },
                        "minItems": 1
                    }
                }
            },
            "response-wrapper": {
                "type": "object",
                "required": [
                    "labels",
                    "ontologyClasses"
                ],
                "properties": {
                    "labels": {
                        "type": "string"
                    },
                    "ontologyClasses": {
                        "type": "string"
                    }
                },
                "example": "{\"ontologyClasses\":\"\",\"labels\":\"\"}"
            },
            "PostRESTVISION1_0ImageResponse": {
                "type": "object",
                "properties": {
                    "labels": {
                        "type": "string"
                    },
                    "ontologyClasses": {
                        "type": "string"
                    }
                }
            }
        }
    }
}