{"compartmentId":"ocid1.compartment.oc1..aaaaaaaaazm74mg57tdvub4srbgt53eolwuchx6j2b2eaavekb672hlkxhgq","text":"A paragraph is a series of sentences that are organized and coherent, and are all related to a single topic. Almost every piece of writing you do that is longer than a few sentences should be organized into paragraphs.","isStreamEnabled":false,"configuration":{"modelFamily":"ORACLE","modelDetails":{"modelName":"TTS_2_NATURAL","voiceId":"Bob"},"speechSettings":{"textType":"TEXT","sampleRateInHz":24000,"outputFormat":"MP3"}}}