{
    "fields": [
        {
            "type": "number",
            "name": "id",
            "internal": false,
            "key": true,
            "oid": "2575d54d-4735-46c5-b77a-37d4fa8f03ec",
            "required": true,
            "unique": true,
            "displayLabel": "Id"
        },
        {
            "type": "datetime",
            "name": "creationDate",
            "internal": false,
            "oid": "871c1aec-44c6-4713-a5e5-300df365eae4",
            "displayLabel": "Created",
            "historyType": "timeCreated"
        },
        {
            "type": "datetime",
            "name": "lastUpdateDate",
            "internal": false,
            "oid": "fc407a97-c450-4011-88f5-f02287837ef7",
            "displayLabel": "Last Updated",
            "historyType": "timeUpdated"
        },
        {
            "type": "string",
            "name": "createdBy",
            "internal": false,
            "oid": "401b2975-a5fd-4e50-bf00-1b1a36cd3ad1",
            "displayLabel": "Created By",
            "historyType": "createdBy"
        },
        {
            "type": "string",
            "name": "lastUpdatedBy",
            "internal": false,
            "oid": "98ab7b07-844d-4814-9709-0ebf806e93eb",
            "displayLabel": "Last Updated By",
            "historyType": "updatedBy"
        },
        {
            "type": "number",
            "name": "versionNumber",
            "internal": false,
            "oid": "1092d15c-dbbc-46d9-b2b5-d15cf8950179",
            "displayLabel": "Version Number",
            "historyType": "versionNumber"
        },
        {
            "type": "string",
            "name": "languageName",
            "oid": "407c08ea-2102-45b5-b5cd-07a44f9efb36",
            "displayLabel": "languageName"
        },
        {
            "type": "string",
            "name": "langId",
            "oid": "04d63d2c-b6f2-4791-a824-54e9b4511ea2",
            "displayLabel": "langId"
        }
    ],
    "name": "RtLanguages",
    "oid": "352ba162-a8c3-4ad6-bdcb-bf6a7e630103",
    "displayLabel": "Rt Languages"
}