id,creationDate,lastUpdateDate,createdBy,lastUpdatedBy,languageName,langId
1,2024-08-30T10:56:16,2024-08-30T10:56:16.01,jesus.brasero@oracle.com,jesus.brasero@oracle.com,English [US],en-US
2,2024-08-30T10:56:44,2024-08-30T10:56:44.005,jesus.brasero@oracle.com,jesus.brasero@oracle.com,English [GB],en-GB
3,2024-08-30T10:56:58,2024-08-30T10:56:58.004,jesus.brasero@oracle.com,jesus.brasero@oracle.com,English [AU],en-AU
4,2024-08-30T10:57:12,2024-08-30T10:57:12.005,jesus.brasero@oracle.com,jesus.brasero@oracle.com,English [IN],en-IN
5,2024-08-30T10:57:23,2024-08-30T10:57:23.005,jesus.brasero@oracle.com,jesus.brasero@oracle.com,French,fr-FR
6,2024-08-30T10:57:54,2024-08-30T10:57:54.005,jesus.brasero@oracle.com,jesus.brasero@oracle.com,German,de-DE
7,2024-08-30T10:58:05,2024-08-30T10:58:05.005,jesus.brasero@oracle.com,jesus.brasero@oracle.com,Hindi,hi-IN
8,2024-08-30T10:58:18,2024-08-30T10:58:18.005,jesus.brasero@oracle.com,jesus.brasero@oracle.com,Italian,it-IT
9,2024-08-30T10:58:33,2024-08-30T10:58:33.005,jesus.brasero@oracle.com,jesus.brasero@oracle.com,Portuguese,pt-BR
10,2024-08-30T10:58:48,2024-08-30T10:58:48.004,jesus.brasero@oracle.com,jesus.brasero@oracle.com,Spanish,es-ES
