{
  "title": "Podcast App",
  "description": "",
  "variables": {
    "answer": {
      "type": "string"
    },
    "processing": {
      "type": "boolean",
      "defaultValue": false
    },
    "slider": {
      "type": "number",
      "defaultValue": 700
    },
    "ssmlAnswer": {
      "type": "string"
    },
    "textInput": {
      "type": "string"
    }

  },
  "metadata": {},
  "types": {},
  "eventListeners": {
    "buttonAction": {
      "chains": [
        {
          "chain": "loadData"
        }
      ]
    }
  },
  "imports": {
    "components": {
      "oj-button": {
        "path": "ojs/ojbutton"
      },
      "oj-dialog": {
        "path": "ojs/ojdialog"
      },
      "oj-slider": {
        "path": "ojs/ojslider"
      },
      "oj-text-area": {
        "path": "ojs/ojinputtext"
      }

   }
  }
}