{
    "openapi": "3.0.0",
    "info": {
        "title": "Ic Api",
        "version": "1.0.0"
    },
    "servers": [
        {
            "url": "vb-catalog://backends/GenAI"
        }
    ],
    "paths": {
        "/retrieve": {
            "post": {
                "operationId": "postRetrieve",
                "parameters": [
                    {
                        "name": "tracker",
                        "in": "query",
                        "schema": {
                            "type": "string"
                        },
                        "x-vb": {
                            "defaultValue": "summary"
                        }
                    }
                ],
                "requestBody": {
                    "content": {
                        "application/json": {
                            "schema": {
                                "$ref": "#/components/schemas/PostRetrieveRequest"
                            },
                            "examples": {
                                "vb": {
                                    "externalValue": "./examples/postRetrieve/request_application_json_vb.json"
                                }
                            }
                        }
                    }
                },
                "responses": {
                    "default": {
                        "description": "Default response",
                        "content": {
                            "application/json": {
                                "schema": {
                                    "$ref": "#/components/schemas/PostRetrieveResponse"
                                },
                                "examples": {
                                    "vb": {
                                        "externalValue": "./examples/postRetrieve/response_default_application_json_vb.json",
                                        "summary": "Example stored by VB User"
                                    }
                                }
                            }
                        }
                    }
                },
                "x-vb": {
                    "actionHint": "create"
                }
            }
        }
    },
    "components": {
        "schemas": {
            "PostRetrieveRequest": {
                "type": "object",
                "properties": {
                    "query": {
                        "type": "string"
                    },
                    "top_k": {
                        "type": "integer"
                    },
                    "collection_name": {
                        "type": "string"
                    }
                }
            },
            "PostRetrieveResponse": {
                "type": "object",
                "properties": {
                    "results": {
                        "type": "string"
                    }
                }
            }
        }
    }
}