{
  "cloudEventsVersion": "0.1",
  "eventID": "unique_ID",
  "eventType": "com.oraclecloud.objectstorage.createbucket",
  "source": "objectstorage",
  "eventTypeVersion": "2.0",
  "eventTime": "2019-01-10T21:19:24.000Z",
  "contentType": "application/json",
  "extensions": {
    "compartmentId": "ocid1.compartment.oc1..unique_id"
  },
  "data": {
    "compartmentId": "ocid1.compartment.oc1..unique_id",
    "compartmentName": "example_name",
    "resourceName": "my_bucket",
    "resourceId": "ocid1.bucket.oc1.phx.unique_id",
    "availabilityDomain": "all",
    "freeFormTags": {
      "Department": "Finance"
    },
    "definedTags": {
      "Operations": {
        "CostCenter": "42"
      }
    },
    "additionalDetails": {
      "namespace": "example_namespace",
      "publicAccessType": "NoPublicAccess",
      "eTag": "f8ffb6e9-f602-460f-a6c0-00b5abfa24c7"
    }
  }
}