{
  "documentMetadata" : {
    "pageCount" : 1,
    "mimeType" : "image/tiff"
  },
  "pages" : [ {
    "pageNumber" : 1,
    "dimensions" : {
      "width" : 1125.0,
      "height" : 1500.0,
      "unit" : "PIXEL"
    },
    "detectedDocumentTypes" : null,
    "detectedLanguages" : null,
    "words" : [ {
      "text" : "WILLIAM",
      "confidence" : 0.9671632,
      "boundingPolygon" : {
        "normalizedVertices" : [ {
          "x" : 0.2817777777777778,
          "y" : 0.06666666666666667
        }, {
          "x" : 0.43022222222222223,
          "y" : 0.06666666666666667
        }, {
          "x" : 0.43022222222222223,
          "y" : 0.08933333333333333
        }, {
          "x" : 0.2817777777777778,
          "y" : 0.08933333333333333
        } ]
      }
    }, {
      "text" : "SHAKESPEARE",
      "confidence" : 0.9671632,
      "boundingPolygon" : {
        "normalizedVertices" : [ {
          "x" : 0.45511111111111113,
          "y" : 0.06666666666666667
        }, {
          "x" : 0.7111111111111111,
          "y" : 0.06666666666666667
        }, {
          "x" : 0.7111111111111111,
          "y" : 0.08933333333333333
        }, {
          "x" : 0.45511111111111113,
          "y" : 0.08933333333333333
        } ]
      }
    }, {
      "text" : "Macbeth",
      "confidence" : 0.9991011,
      "boundingPolygon" : {
        "normalizedVertices" : [ {
          "x" : 0.41688888888888886,
          "y" : 0.11466666666666667
        }, {
          "x" : 0.5822222222222222,
          "y" : 0.11466666666666667
        }, {
          "x" : 0.5822222222222222,
          "y" : 0.14666666666666667
        }, {
          "x" : 0.41688888888888886,
          "y" : 0.14666666666666667
        } ]
      }
    }, {
      "text" : "Tomorrow,",
      "confidence" : 0.9930821,
      "boundingPolygon" : {
        "normalizedVertices" : [ {
          "x" : 0.10666666666666667,
          "y" : 0.21466666666666667
        }, {
          "x" : 0.29808919270833334,
          "y" : 0.21502335611979168
        }, {
          "x" : 0.2978594021267361,
          "y" : 0.24787874348958333
        }, {
          "x" : 0.10666666666666667,
          "y" : 0.2473471883138021
        } ]
      }
    }, {
      "text" : "and",
      "confidence" : 0.9930821,
      "boundingPolygon" : {
        "normalizedVertices" : [ {
          "x" : 0.29808919270833334,
          "y" : 0.21502335611979168
        }, {
          "x" : 0.37532356770833336,
          "y" : 0.21516727701822916
        }, {
          "x" : 0.37500037977430556,
          "y" : 0.24809320068359375
        }, {
          "x" : 0.2978594021267361,
          "y" : 0.24787874348958333
        } ]
      }
    }, {
      "text" : "tomorrow,",
      "confidence" : 0.9930821,
      "boundingPolygon" : {
        "normalizedVertices" : [ {
          "x" : 0.37532356770833336,
          "y" : 0.21516727701822916
        }, {
          "x" : 0.5607107747395833,
          "y" : 0.2155127156575521
        }, {
          "x" : 0.5601617296006944,
          "y" : 0.24860799153645832
        }, {
          "x" : 0.37500037977430556,
          "y" : 0.24809320068359375
        } ]
      }
    }, {
      "text" : "and",
      "confidence" : 0.9930821,
      "boundingPolygon" : {
        "normalizedVertices" : [ {
          "x" : 0.5607107747395833,
          "y" : 0.2155127156575521
        }, {
          "x" : 0.6395313585069444,
          "y" : 0.21565958658854167
        }, {
          "x" : 0.6388856336805555,
          "y" : 0.24882686360677084
        }, {
          "x" : 0.5601617296006944,
          "y" : 0.24860799153645832
        } ]
      }
    }, {
      "text" : "tomorrow,",
      "confidence" : 0.9930821,
      "boundingPolygon" : {
        "normalizedVertices" : [ {
          "x" : 0.6395313585069444,
          "y" : 0.21565958658854167
        }, {
          "x" : 0.8213155381944445,
          "y" : 0.21599831136067707
        }, {
          "x" : 0.8204451497395834,
          "y" : 0.24933162434895834
        }, {
          "x" : 0.6388856336805555,
          "y" : 0.24882686360677084
        } ]
      }
    }, {
      "text" : "Creeps",
      "confidence" : 0.9678919,
      "boundingPolygon" : {
        "normalizedVertices" : [ {
          "x" : 0.10577777777777778,
          "y" : 0.276
        }, {
          "x" : 0.228,
          "y" : 0.2764571940104167
        }, {
          "x" : 0.22712618001302085,
          "y" : 0.3151238606770833
        }, {
          "x" : 0.10490395779079861,
          "y" : 0.31466666666666665
        } ]
      }
    }, {
      "text" : "in",
      "confidence" : 0.9678919,
      "boundingPolygon" : {
        "normalizedVertices" : [ {
          "x" : 0.228,
          "y" : 0.2764571940104167
        }, {
          "x" : 0.2751111111111111,
          "y" : 0.2766334228515625
        }, {
          "x" : 0.2742372775607639,
          "y" : 0.3153000895182292
        }, {
          "x" : 0.22712618001302085,
          "y" : 0.3151238606770833
        } ]
      }
    }, {
      "text" : "this",
      "confidence" : 0.9678919,
      "boundingPolygon" : {
        "normalizedVertices" : [ {
          "x" : 0.2751111111111111,
          "y" : 0.2766334228515625
        }, {
          "x" : 0.34844444444444445,
          "y" : 0.2769077351888021
        }, {
          "x" : 0.34757061089409724,
          "y" : 0.31557440185546876
        }, {
          "x" : 0.2742372775607639,
          "y" : 0.3153000895182292
        } ]
      }
    }, {
      "text" : "petty",
      "confidence" : 0.9678919,
      "boundingPolygon" : {
        "normalizedVertices" : [ {
          "x" : 0.34844444444444445,
          "y" : 0.2769077351888021
        }, {
          "x" : 0.4484444444444444,
          "y" : 0.27728179931640623
        }, {
          "x" : 0.4475706108940972,
          "y" : 0.3159484659830729
        }, {
          "x" : 0.34757061089409724,
          "y" : 0.31557440185546876
        } ]
      }
    }, {
      "text" : "pace",
      "confidence" : 0.9678919,
      "boundingPolygon" : {
        "normalizedVertices" : [ {
          "x" : 0.4484444444444444,
          "y" : 0.27728179931640623
        }, {
          "x" : 0.5364444444444444,
          "y" : 0.27761098225911457
        }, {
          "x" : 0.5355706380208334,
          "y" : 0.31627764892578125
        }, {
          "x" : 0.4475706108940972,
          "y" : 0.3159484659830729
        } ]
      }
    }, {
      "text" : "from",
      "confidence" : 0.9678919,
      "boundingPolygon" : {
        "normalizedVertices" : [ {
          "x" : 0.5364444444444444,
          "y" : 0.27761098225911457
        }, {
          "x" : 0.6284444444444445,
          "y" : 0.27795511881510415
        }, {
          "x" : 0.6275706380208333,
          "y" : 0.31662178548177083
        }, {
          "x" : 0.5355706380208334,
          "y" : 0.31627764892578125
        } ]
      }
    }, {
      "text" : "day",
      "confidence" : 0.9678919,
      "boundingPolygon" : {
        "normalizedVertices" : [ {
          "x" : 0.6284444444444445,
          "y" : 0.27795511881510415
        }, {
          "x" : 0.7026666666666667,
          "y" : 0.2782327473958333
        }, {
          "x" : 0.7017928602430555,
          "y" : 0.3168994140625
        }, {
          "x" : 0.6275706380208333,
          "y" : 0.31662178548177083
        } ]
      }
    }, {
      "text" : "to",
      "confidence" : 0.9678919,
      "boundingPolygon" : {
        "normalizedVertices" : [ {
          "x" : 0.7026666666666667,
          "y" : 0.2782327473958333
        }, {
          "x" : 0.748,
          "y" : 0.2784023234049479
        }, {
          "x" : 0.7471261935763889,
          "y" : 0.3170689900716146
        }, {
          "x" : 0.7017928602430555,
          "y" : 0.3168994140625
        } ]
      }
    }, {
      "text" : "day",
      "confidence" : 0.9678919,
      "boundingPolygon" : {
        "normalizedVertices" : [ {
          "x" : 0.748,
          "y" : 0.2784023234049479
        }, {
          "x" : 0.8177777777777778,
          "y" : 0.2786633504231771
        }, {
          "x" : 0.8169039713541667,
          "y" : 0.31733001708984376
        }, {
          "x" : 0.7471261935763889,
          "y" : 0.3170689900716146
        } ]
      }
    }, {
      "text" : "To",
      "confidence" : 0.9769221,
      "boundingPolygon" : {
        "normalizedVertices" : [ {
          "x" : 0.104,
          "y" : 0.3373333333333333
        }, {
          "x" : 0.155105224609375,
          "y" : 0.33760211181640626
        }, {
          "x" : 0.15503483072916666,
          "y" : 0.37426969401041665
        }, {
          "x" : 0.104,
          "y" : 0.37400093587239586
        } ]
      }
    }, {
      "text" : "the",
      "confidence" : 0.9769221,
      "boundingPolygon" : {
        "normalizedVertices" : [ {
          "x" : 0.155105224609375,
          "y" : 0.33760211181640626
        }, {
          "x" : 0.22043252224392362,
          "y" : 0.3379456990559896
        }, {
          "x" : 0.22027214898003472,
          "y" : 0.37461328125
        }, {
          "x" : 0.15503483072916666,
          "y" : 0.37426969401041665
        } ]
      }
    }, {
      "text" : "last",
      "confidence" : 0.9769221,
      "boundingPolygon" : {
        "normalizedVertices" : [ {
          "x" : 0.22043252224392362,
          "y" : 0.3379456990559896
        }, {
          "x" : 0.29376109483506946,
          "y" : 0.3383313802083333
        }, {
          "x" : 0.2934997287326389,
          "y" : 0.3749989420572917
        }, {
          "x" : 0.22027214898003472,
          "y" : 0.37461328125
        } ]
      }
    }, {
      "text" : "syllable",
      "confidence" : 0.9769221,
      "boundingPolygon" : {
        "normalizedVertices" : [ {
          "x" : 0.29376109483506946,
          "y" : 0.3383313802083333
        }, {
          "x" : 0.42886903211805555,
          "y" : 0.33904197184244794
        }, {
          "x" : 0.42842154947916666,
          "y" : 0.37570955403645834
        }, {
          "x" : 0.2934997287326389,
          "y" : 0.3749989420572917
        } ]
      }
    }, {
      "text" : "of",
      "confidence" : 0.9769221,
      "boundingPolygon" : {
        "normalizedVertices" : [ {
          "x" : 0.42886903211805555,
          "y" : 0.33904197184244794
        }, {
          "x" : 0.4795363498263889,
          "y" : 0.33930845133463544
        }, {
          "x" : 0.47901909722222225,
          "y" : 0.37597603352864584
        }, {
          "x" : 0.42842154947916666,
          "y" : 0.37570955403645834
        } ]
      }
    }, {
      "text" : "recorded",
      "confidence" : 0.9769221,
      "boundingPolygon" : {
        "normalizedVertices" : [ {
          "x" : 0.4795363498263889,
          "y" : 0.33930845133463544
        }, {
          "x" : 0.6342113715277777,
          "y" : 0.3401219685872396
        }, {
          "x" : 0.6334810112847222,
          "y" : 0.37678955078125
        }, {
          "x" : 0.47901909722222225,
          "y" : 0.37597603352864584
        } ]
      }
    }, {
      "text" : "time,",
      "confidence" : 0.9769221,
      "boundingPolygon" : {
        "normalizedVertices" : [ {
          "x" : 0.6342113715277777,
          "y" : 0.3401219685872396
        }, {
          "x" : 0.7368887803819445,
          "y" : 0.3406619873046875
        }, {
          "x" : 0.7360169813368056,
          "y" : 0.37732958984375
        }, {
          "x" : 0.6334810112847222,
          "y" : 0.37678955078125
        } ]
      }
    }, {
      "text" : "And",
      "confidence" : 0.9671749,
      "boundingPolygon" : {
        "normalizedVertices" : [ {
          "x" : 0.10666666666666667,
          "y" : 0.40066666666666667
        }, {
          "x" : 0.18710626898871527,
          "y" : 0.4008963623046875
        }, {
          "x" : 0.1870060085720486,
          "y" : 0.4375638427734375
        }, {
          "x" : 0.10666666666666667,
          "y" : 0.4373341471354167
        } ]
      }
    }, {
      "text" : "all",
      "confidence" : 0.9671749,
      "boundingPolygon" : {
        "normalizedVertices" : [ {
          "x" : 0.18710626898871527,
          "y" : 0.4008963623046875
        }, {
          "x" : 0.23688167317708334,
          "y" : 0.40103849283854165
        }, {
          "x" : 0.23671937391493056,
          "y" : 0.43770597330729166
        }, {
          "x" : 0.1870060085720486,
          "y" : 0.4375638427734375
        } ]
      }
    }, {
      "text" : "our",
      "confidence" : 0.9671749,
      "boundingPolygon" : {
        "normalizedVertices" : [ {
          "x" : 0.23688167317708334,
          "y" : 0.40103849283854165
        }, {
          "x" : 0.30887909613715275,
          "y" : 0.4012440592447917
        }, {
          "x" : 0.3086270616319444,
          "y" : 0.4379115397135417
        }, {
          "x" : 0.23671937391493056,
          "y" : 0.43770597330729166
        } ]
      }
    }, {
      "text" : "yesterdays",
      "confidence" : 0.9671749,
      "boundingPolygon" : {
        "normalizedVertices" : [ {
          "x" : 0.30887909613715275,
          "y" : 0.4012440592447917
        }, {
          "x" : 0.4910992838541667,
          "y" : 0.4017643636067708
        }, {
          "x" : 0.4906201714409722,
          "y" : 0.4384318440755208
        }, {
          "x" : 0.3086270616319444,
          "y" : 0.4379115397135417
        } ]
      }
    }, {
      "text" : "have",
      "confidence" : 0.9671749,
      "boundingPolygon" : {
        "normalizedVertices" : [ {
          "x" : 0.4910992838541667,
          "y" : 0.4017643636067708
        }, {
          "x" : 0.5826563042534723,
          "y" : 0.4020257568359375
        }, {
          "x" : 0.5820630425347222,
          "y" : 0.4386932779947917
        }, {
          "x" : 0.4906201714409722,
          "y" : 0.4384318440755208
        } ]
      }
    }, {
      "text" : "lighted",
      "confidence" : 0.9671749,
      "boundingPolygon" : {
        "normalizedVertices" : [ {
          "x" : 0.5826563042534723,
          "y" : 0.4020257568359375
        }, {
          "x" : 0.7124388563368056,
          "y" : 0.4023963623046875
        }, {
          "x" : 0.7116838650173611,
          "y" : 0.4390638427734375
        }, {
          "x" : 0.5820630425347222,
          "y" : 0.4386932779947917
        } ]
      }
    }, {
      "text" : "fools",
      "confidence" : 0.9671749,
      "boundingPolygon" : {
        "normalizedVertices" : [ {
          "x" : 0.7124388563368056,
          "y" : 0.4023963623046875
        }, {
          "x" : 0.80622216796875,
          "y" : 0.4026641438802083
        }, {
          "x" : 0.8053502604166667,
          "y" : 0.43933162434895834
        }, {
          "x" : 0.7116838650173611,
          "y" : 0.4390638427734375
        } ]
      }
    }, {
      "text" : "The",
      "confidence" : 0.93044484,
      "boundingPolygon" : {
        "normalizedVertices" : [ {
          "x" : 0.10666666666666667,
          "y" : 0.4646666666666667
        }, {
          "x" : 0.17466666666666666,
          "y" : 0.4646666666666667
        }, {
          "x" : 0.17466666666666666,
          "y" : 0.5
        }, {
          "x" : 0.10666666666666667,
          "y" : 0.5
        } ]
      }
    }, {
      "text" : "way",
      "confidence" : 0.93044484,
      "boundingPolygon" : {
        "normalizedVertices" : [ {
          "x" : 0.17466666666666666,
          "y" : 0.4646666666666667
        }, {
          "x" : 0.25244444444444447,
          "y" : 0.4646666666666667
        }, {
          "x" : 0.25244444444444447,
          "y" : 0.5
        }, {
          "x" : 0.17466666666666666,
          "y" : 0.5
        } ]
      }
    }, {
      "text" : "to",
      "confidence" : 0.93044484,
      "boundingPolygon" : {
        "normalizedVertices" : [ {
          "x" : 0.25244444444444447,
          "y" : 0.4646666666666667
        }, {
          "x" : 0.2991111111111111,
          "y" : 0.4646666666666667
        }, {
          "x" : 0.2991111111111111,
          "y" : 0.5
        }, {
          "x" : 0.25244444444444447,
          "y" : 0.5
        } ]
      }
    }, {
      "text" : "dusty",
      "confidence" : 0.93044484,
      "boundingPolygon" : {
        "normalizedVertices" : [ {
          "x" : 0.2991111111111111,
          "y" : 0.4646666666666667
        }, {
          "x" : 0.4031111111111111,
          "y" : 0.4646666666666667
        }, {
          "x" : 0.4031111111111111,
          "y" : 0.5
        }, {
          "x" : 0.2991111111111111,
          "y" : 0.5
        } ]
      }
    }, {
      "text" : "death.",
      "confidence" : 0.93044484,
      "boundingPolygon" : {
        "normalizedVertices" : [ {
          "x" : 0.4031111111111111,
          "y" : 0.4646666666666667
        }, {
          "x" : 0.5164444444444445,
          "y" : 0.4646666666666667
        }, {
          "x" : 0.5164444444444445,
          "y" : 0.5
        }, {
          "x" : 0.4031111111111111,
          "y" : 0.5
        } ]
      }
    }, {
      "text" : "Out,",
      "confidence" : 0.93044484,
      "boundingPolygon" : {
        "normalizedVertices" : [ {
          "x" : 0.5164444444444445,
          "y" : 0.4646666666666667
        }, {
          "x" : 0.6097777777777778,
          "y" : 0.4646666666666667
        }, {
          "x" : 0.6097777777777778,
          "y" : 0.5
        }, {
          "x" : 0.5164444444444445,
          "y" : 0.5
        } ]
      }
    }, {
      "text" : "out,",
      "confidence" : 0.93044484,
      "boundingPolygon" : {
        "normalizedVertices" : [ {
          "x" : 0.6097777777777778,
          "y" : 0.4646666666666667
        }, {
          "x" : 0.6844444444444444,
          "y" : 0.4646666666666667
        }, {
          "x" : 0.6844444444444444,
          "y" : 0.5
        }, {
          "x" : 0.6097777777777778,
          "y" : 0.5
        } ]
      }
    }, {
      "text" : "brief",
      "confidence" : 0.93044484,
      "boundingPolygon" : {
        "normalizedVertices" : [ {
          "x" : 0.6844444444444444,
          "y" : 0.4646666666666667
        }, {
          "x" : 0.7764444444444445,
          "y" : 0.4646666666666667
        }, {
          "x" : 0.7764444444444445,
          "y" : 0.5
        }, {
          "x" : 0.6844444444444444,
          "y" : 0.5
        } ]
      }
    }, {
      "text" : "candle!",
      "confidence" : 0.93044484,
      "boundingPolygon" : {
        "normalizedVertices" : [ {
          "x" : 0.7764444444444445,
          "y" : 0.4646666666666667
        }, {
          "x" : 0.9075555555555556,
          "y" : 0.4646666666666667
        }, {
          "x" : 0.9075555555555556,
          "y" : 0.5
        }, {
          "x" : 0.7764444444444445,
          "y" : 0.5
        } ]
      }
    }, {
      "text" : "Life's",
      "confidence" : 0.9852371,
      "boundingPolygon" : {
        "normalizedVertices" : [ {
          "x" : 0.10666666666666667,
          "y" : 0.526
        }, {
          "x" : 0.20131963433159722,
          "y" : 0.5266142578125
        }, {
          "x" : 0.20120490180121528,
          "y" : 0.5606150716145833
        }, {
          "x" : 0.10666666666666667,
          "y" : 0.5600008138020833
        } ]
      }
    }, {
      "text" : "but",
      "confidence" : 0.9852371,
      "boundingPolygon" : {
        "normalizedVertices" : [ {
          "x" : 0.20131963433159722,
          "y" : 0.5266142578125
        }, {
          "x" : 0.27331201171875,
          "y" : 0.5270814615885416
        }, {
          "x" : 0.27310999891493054,
          "y" : 0.5610822347005209
        }, {
          "x" : 0.20120490180121528,
          "y" : 0.5606150716145833
        } ]
      }
    }, {
      "text" : "a",
      "confidence" : 0.9852371,
      "boundingPolygon" : {
        "normalizedVertices" : [ {
          "x" : 0.27331201171875,
          "y" : 0.5270814615885416
        }, {
          "x" : 0.3004208713107639,
          "y" : 0.5272573649088542
        }, {
          "x" : 0.30018598090277776,
          "y" : 0.5612581787109375
        }, {
          "x" : 0.27310999891493054,
          "y" : 0.5610822347005209
        } ]
      }
    }, {
      "text" : "walking",
      "confidence" : 0.9852371,
      "boundingPolygon" : {
        "normalizedVertices" : [ {
          "x" : 0.3004208713107639,
          "y" : 0.5272573649088542
        }, {
          "x" : 0.4453034939236111,
          "y" : 0.5281975911458333
        }, {
          "x" : 0.4448929850260417,
          "y" : 0.5621984049479166
        }, {
          "x" : 0.30018598090277776,
          "y" : 0.5612581787109375
        } ]
      }
    }, {
      "text" : "shadow,",
      "confidence" : 0.9852371,
      "boundingPolygon" : {
        "normalizedVertices" : [ {
          "x" : 0.44974788411458333,
          "y" : 0.5282264404296875
        }, {
          "x" : 0.59330712890625,
          "y" : 0.5291580403645834
        }, {
          "x" : 0.5927171766493056,
          "y" : 0.5631588541666667
        }, {
          "x" : 0.4493320041232639,
          "y" : 0.5622272135416667
        } ]
      }
    }, {
      "text" : "a",
      "confidence" : 0.9852371,
      "boundingPolygon" : {
        "normalizedVertices" : [ {
          "x" : 0.59330712890625,
          "y" : 0.5291580403645834
        }, {
          "x" : 0.6230868598090278,
          "y" : 0.529351318359375
        }, {
          "x" : 0.6224608289930555,
          "y" : 0.5633521321614583
        }, {
          "x" : 0.5927171766493056,
          "y" : 0.5631588541666667
        } ]
      }
    }, {
      "text" : "poor",
      "confidence" : 0.9852371,
      "boundingPolygon" : {
        "normalizedVertices" : [ {
          "x" : 0.6230868598090278,
          "y" : 0.529351318359375
        }, {
          "x" : 0.7155399848090278,
          "y" : 0.5299512939453125
        }, {
          "x" : 0.7148018663194444,
          "y" : 0.5639521077473958
        }, {
          "x" : 0.6224608289930555,
          "y" : 0.5633521321614583
        } ]
      }
    }, {
      "text" : "player",
      "confidence" : 0.9852371,
      "boundingPolygon" : {
        "normalizedVertices" : [ {
          "x" : 0.7155399848090278,
          "y" : 0.5299512939453125
        }, {
          "x" : 0.8248887261284722,
          "y" : 0.530660888671875
        }, {
          "x" : 0.8240180121527778,
          "y" : 0.5646617024739583
        }, {
          "x" : 0.7148018663194444,
          "y" : 0.5639521077473958
        } ]
      }
    }, {
      "text" : "That",
      "confidence" : 0.97150856,
      "boundingPolygon" : {
        "normalizedVertices" : [ {
          "x" : 0.10311111111111111,
          "y" : 0.5873333333333334
        }, {
          "x" : 0.19029062228732638,
          "y" : 0.5877112630208333
        }, {
          "x" : 0.19019004991319444,
          "y" : 0.6236378173828125
        }, {
          "x" : 0.10311111111111111,
          "y" : 0.6233341064453125
        } ]
      }
    }, {
      "text" : "struts",
      "confidence" : 0.97150856,
      "boundingPolygon" : {
        "normalizedVertices" : [ {
          "x" : 0.19029062228732638,
          "y" : 0.5877112630208333
        }, {
          "x" : 0.294165771484375,
          "y" : 0.58816162109375
        }, {
          "x" : 0.2939459092881944,
          "y" : 0.6239997151692709
        }, {
          "x" : 0.19019004991319444,
          "y" : 0.6236378173828125
        } ]
      }
    }, {
      "text" : "and",
      "confidence" : 0.97150856,
      "boundingPolygon" : {
        "normalizedVertices" : [ {
          "x" : 0.294165771484375,
          "y" : 0.58816162109375
        }, {
          "x" : 0.36894523111979166,
          "y" : 0.5884857991536458
        }, {
          "x" : 0.3686398654513889,
          "y" : 0.62426025390625
        }, {
          "x" : 0.2939459092881944,
          "y" : 0.6239997151692709
        } ]
      }
    }, {
      "text" : "frets",
      "confidence" : 0.97150856,
      "boundingPolygon" : {
        "normalizedVertices" : [ {
          "x" : 0.36894523111979166,
          "y" : 0.5884857991536458
        }, {
          "x" : 0.4550382758246528,
          "y" : 0.5888590494791667
        }, {
          "x" : 0.45463484700520834,
          "y" : 0.6245601806640625
        }, {
          "x" : 0.3686398654513889,
          "y" : 0.62426025390625
        } ]
      }
    }, {
      "text" : "his",
      "confidence" : 0.97150856,
      "boundingPolygon" : {
        "normalizedVertices" : [ {
          "x" : 0.4550382758246528,
          "y" : 0.5888590494791667
        }, {
          "x" : 0.5159382052951389,
          "y" : 0.589123046875
        }, {
          "x" : 0.5154656032986111,
          "y" : 0.6247723388671875
        }, {
          "x" : 0.45463484700520834,
          "y" : 0.6245601806640625
        } ]
      }
    }, {
      "text" : "hour",
      "confidence" : 0.97150856,
      "boundingPolygon" : {
        "normalizedVertices" : [ {
          "x" : 0.5159382052951389,
          "y" : 0.589123046875
        }, {
          "x" : 0.6102731662326389,
          "y" : 0.5895320231119792
        }, {
          "x" : 0.6096939019097222,
          "y" : 0.6251009928385417
        }, {
          "x" : 0.5154656032986111,
          "y" : 0.6247723388671875
        } ]
      }
    }, {
      "text" : "upon",
      "confidence" : 0.97150856,
      "boundingPolygon" : {
        "normalizedVertices" : [ {
          "x" : 0.6102731662326389,
          "y" : 0.5895320231119792
        }, {
          "x" : 0.7068254123263888,
          "y" : 0.5899506022135417
        }, {
          "x" : 0.7061374240451389,
          "y" : 0.6254373779296875
        }, {
          "x" : 0.6096939019097222,
          "y" : 0.6251009928385417
        } ]
      }
    }, {
      "text" : "the",
      "confidence" : 0.97150856,
      "boundingPolygon" : {
        "normalizedVertices" : [ {
          "x" : 0.7068254123263888,
          "y" : 0.5899506022135417
        }, {
          "x" : 0.7762087131076388,
          "y" : 0.5902513834635417
        }, {
          "x" : 0.7754429253472223,
          "y" : 0.6256791178385417
        }, {
          "x" : 0.7061374240451389,
          "y" : 0.6254373779296875
        } ]
      }
    }, {
      "text" : "stage",
      "confidence" : 0.97150856,
      "boundingPolygon" : {
        "normalizedVertices" : [ {
          "x" : 0.7762087131076388,
          "y" : 0.5902513834635417
        }, {
          "x" : 0.8711271701388889,
          "y" : 0.5906628824869792
        }, {
          "x" : 0.8702554253472222,
          "y" : 0.6260098063151042
        }, {
          "x" : 0.7754429253472223,
          "y" : 0.6256791178385417
        } ]
      }
    }, {
      "text" : "And",
      "confidence" : 0.9352269,
      "boundingPolygon" : {
        "normalizedVertices" : [ {
          "x" : 0.10844444444444444,
          "y" : 0.6526666666666666
        }, {
          "x" : 0.18644373914930557,
          "y" : 0.6527464599609375
        }, {
          "x" : 0.18644373914930557,
          "y" : 0.6815059814453125
        }, {
          "x" : 0.10844444444444444,
          "y" : 0.68134814453125
        } ]
      }
    }, {
      "text" : "then",
      "confidence" : 0.9352269,
      "boundingPolygon" : {
        "normalizedVertices" : [ {
          "x" : 0.18644373914930557,
          "y" : 0.6527464599609375
        }, {
          "x" : 0.2740973578559028,
          "y" : 0.652836181640625
        }, {
          "x" : 0.2740973578559028,
          "y" : 0.6816833902994792
        }, {
          "x" : 0.18644373914930557,
          "y" : 0.6815059814453125
        } ]
      }
    }, {
      "text" : "is",
      "confidence" : 0.9352269,
      "boundingPolygon" : {
        "normalizedVertices" : [ {
          "x" : 0.2740973578559028,
          "y" : 0.652836181640625
        }, {
          "x" : 0.3141569552951389,
          "y" : 0.6528771565755208
        }, {
          "x" : 0.3141569552951389,
          "y" : 0.6817644449869792
        }, {
          "x" : 0.2740973578559028,
          "y" : 0.6816833902994792
        } ]
      }
    }, {
      "text" : "heard",
      "confidence" : 0.9352269,
      "boundingPolygon" : {
        "normalizedVertices" : [ {
          "x" : 0.3141569552951389,
          "y" : 0.6528771565755208
        }, {
          "x" : 0.4221208767361111,
          "y" : 0.6529876302083333
        }, {
          "x" : 0.4221208767361111,
          "y" : 0.68198291015625
        }, {
          "x" : 0.3141569552951389,
          "y" : 0.6817644449869792
        } ]
      }
    }, {
      "text" : "no",
      "confidence" : 0.9352269,
      "boundingPolygon" : {
        "normalizedVertices" : [ {
          "x" : 0.4221208767361111,
          "y" : 0.6529876302083333
        }, {
          "x" : 0.47729779730902777,
          "y" : 0.6530440673828125
        }, {
          "x" : 0.47729779730902777,
          "y" : 0.6820945638020833
        }, {
          "x" : 0.4221208767361111,
          "y" : 0.68198291015625
        } ]
      }
    }, {
      "text" : "more:",
      "confidence" : 0.9352269,
      "boundingPolygon" : {
        "normalizedVertices" : [ {
          "x" : 0.47729779730902777,
          "y" : 0.6530440673828125
        }, {
          "x" : 0.5878350694444444,
          "y" : 0.6531571858723958
        }, {
          "x" : 0.5878350694444444,
          "y" : 0.6823182779947917
        }, {
          "x" : 0.47729779730902777,
          "y" : 0.6820945638020833
        } ]
      }
    }, {
      "text" : "it",
      "confidence" : 0.9352269,
      "boundingPolygon" : {
        "normalizedVertices" : [ {
          "x" : 0.5878350694444444,
          "y" : 0.6531571858723958
        }, {
          "x" : 0.6242676323784723,
          "y" : 0.6531944580078125
        }, {
          "x" : 0.6242676323784723,
          "y" : 0.6823920084635416
        }, {
          "x" : 0.5878350694444444,
          "y" : 0.6823182779947917
        } ]
      }
    }, {
      "text" : "is",
      "confidence" : 0.9352269,
      "boundingPolygon" : {
        "normalizedVertices" : [ {
          "x" : 0.6242676323784723,
          "y" : 0.6531944580078125
        }, {
          "x" : 0.6657584635416667,
          "y" : 0.6532368977864583
        }, {
          "x" : 0.6657584635416667,
          "y" : 0.6824759521484375
        }, {
          "x" : 0.6242676323784723,
          "y" : 0.6823920084635416
        } ]
      }
    }, {
      "text" : "a",
      "confidence" : 0.9352269,
      "boundingPolygon" : {
        "normalizedVertices" : [ {
          "x" : 0.6657584635416667,
          "y" : 0.6532368977864583
        }, {
          "x" : 0.6946912434895833,
          "y" : 0.6532665201822917
        }, {
          "x" : 0.6946912434895833,
          "y" : 0.6825345052083334
        }, {
          "x" : 0.6657584635416667,
          "y" : 0.6824759521484375
        } ]
      }
    }, {
      "text" : "tale",
      "confidence" : 0.9352269,
      "boundingPolygon" : {
        "normalizedVertices" : [ {
          "x" : 0.6946912434895833,
          "y" : 0.6532665201822917
        }, {
          "x" : 0.7590909288194444,
          "y" : 0.6533323974609375
        }, {
          "x" : 0.7590909288194444,
          "y" : 0.6826648356119792
        }, {
          "x" : 0.6946912434895833,
          "y" : 0.6825345052083334
        } ]
      }
    }, {
      "text" : "Told",
      "confidence" : 0.96550506,
      "boundingPolygon" : {
        "normalizedVertices" : [ {
          "x" : 0.10577777777777778,
          "y" : 0.7126666666666667
        }, {
          "x" : 0.18967312282986112,
          "y" : 0.7129137369791667
        }, {
          "x" : 0.18890798611111112,
          "y" : 0.74957958984375
        }, {
          "x" : 0.10490478515625,
          "y" : 0.7493324381510417
        } ]
      }
    }, {
      "text" : "by",
      "confidence" : 0.96550506,
      "boundingPolygon" : {
        "normalizedVertices" : [ {
          "x" : 0.18967312282986112,
          "y" : 0.7129137369791667
        }, {
          "x" : 0.24160761176215279,
          "y" : 0.713066650390625
        }, {
          "x" : 0.24090923394097222,
          "y" : 0.7497325032552083
        }, {
          "x" : 0.18890798611111112,
          "y" : 0.74957958984375
        } ]
      }
    }, {
      "text" : "an",
      "confidence" : 0.96550506,
      "boundingPolygon" : {
        "normalizedVertices" : [ {
          "x" : 0.24160761176215279,
          "y" : 0.713066650390625
        }, {
          "x" : 0.29354153103298614,
          "y" : 0.7132196451822916
        }, {
          "x" : 0.292909912109375,
          "y" : 0.7498854166666666
        }, {
          "x" : 0.24090923394097222,
          "y" : 0.7497325032552083
        } ]
      }
    }, {
      "text" : "idiot,",
      "confidence" : 0.96550506,
      "boundingPolygon" : {
        "normalizedVertices" : [ {
          "x" : 0.29354153103298614,
          "y" : 0.7132196451822916
        }, {
          "x" : 0.39296904839409724,
          "y" : 0.713512451171875
        }, {
          "x" : 0.39246525065104165,
          "y" : 0.75017822265625
        }, {
          "x" : 0.292909912109375,
          "y" : 0.7498854166666666
        } ]
      }
    }, {
      "text" : "full",
      "confidence" : 0.96550506,
      "boundingPolygon" : {
        "normalizedVertices" : [ {
          "x" : 0.39296904839409724,
          "y" : 0.713512451171875
        }, {
          "x" : 0.46265587022569443,
          "y" : 0.7137176920572916
        }, {
          "x" : 0.46224164496527775,
          "y" : 0.7503834635416666
        }, {
          "x" : 0.39246525065104165,
          "y" : 0.75017822265625
        } ]
      }
    }, {
      "text" : "of",
      "confidence" : 0.96550506,
      "boundingPolygon" : {
        "normalizedVertices" : [ {
          "x" : 0.46265587022569443,
          "y" : 0.7137176920572916
        }, {
          "x" : 0.5110365668402778,
          "y" : 0.7138601888020834
        }, {
          "x" : 0.5106845703125,
          "y" : 0.7505259602864583
        }, {
          "x" : 0.46224164496527775,
          "y" : 0.7503834635416666
        } ]
      }
    }, {
      "text" : "sound",
      "confidence" : 0.96550506,
      "boundingPolygon" : {
        "normalizedVertices" : [ {
          "x" : 0.5110365668402778,
          "y" : 0.7138601888020834
        }, {
          "x" : 0.6228873697916667,
          "y" : 0.7141895345052083
        }, {
          "x" : 0.6226791449652778,
          "y" : 0.7508553873697916
        }, {
          "x" : 0.5106845703125,
          "y" : 0.7505259602864583
        } ]
      }
    }, {
      "text" : "and",
      "confidence" : 0.96550506,
      "boundingPolygon" : {
        "normalizedVertices" : [ {
          "x" : 0.6228873697916667,
          "y" : 0.7141895345052083
        }, {
          "x" : 0.6983408203125,
          "y" : 0.7144117838541667
        }, {
          "x" : 0.6982295464409722,
          "y" : 0.7510775553385417
        }, {
          "x" : 0.6226791449652778,
          "y" : 0.7508553873697916
        } ]
      }
    }, {
      "text" : "fury,",
      "confidence" : 0.96550506,
      "boundingPolygon" : {
        "normalizedVertices" : [ {
          "x" : 0.6983408203125,
          "y" : 0.7144117838541667
        }, {
          "x" : 0.7840012478298611,
          "y" : 0.7146640625
        }, {
          "x" : 0.7840001085069445,
          "y" : 0.751329833984375
        }, {
          "x" : 0.6982295464409722,
          "y" : 0.7510775553385417
        } ]
      }
    }, {
      "text" : "Signifying",
      "confidence" : 0.95114017,
      "boundingPolygon" : {
        "normalizedVertices" : [ {
          "x" : 0.10666666666666667,
          "y" : 0.776
        }, {
          "x" : 0.28444444444444444,
          "y" : 0.7770526529947916
        }, {
          "x" : 0.28444444444444444,
          "y" : 0.816385986328125
        }, {
          "x" : 0.10666666666666667,
          "y" : 0.8153333333333334
        } ]
      }
    }, {
      "text" : "nothing.",
      "confidence" : 0.95114017,
      "boundingPolygon" : {
        "normalizedVertices" : [ {
          "x" : 0.2862222222222222,
          "y" : 0.7770631510416667
        }, {
          "x" : 0.44355555555555554,
          "y" : 0.7779947102864583
        }, {
          "x" : 0.44355555555555554,
          "y" : 0.8173280436197917
        }, {
          "x" : 0.2862222222222222,
          "y" : 0.816396484375
        } ]
      }
    }, {
      "text" : "Act",
      "confidence" : 0.9937629,
      "boundingPolygon" : {
        "normalizedVertices" : [ {
          "x" : 0.4097777777777778,
          "y" : 0.9226666666666666
        }, {
          "x" : 0.4568888888888889,
          "y" : 0.9226666666666666
        }, {
          "x" : 0.4568888888888889,
          "y" : 0.944
        }, {
          "x" : 0.4097777777777778,
          "y" : 0.944
        } ]
      }
    }, {
      "text" : "5,",
      "confidence" : 0.9937629,
      "boundingPolygon" : {
        "normalizedVertices" : [ {
          "x" : 0.4568888888888889,
          "y" : 0.9226666666666666
        }, {
          "x" : 0.48933333333333334,
          "y" : 0.9226666666666666
        }, {
          "x" : 0.48933333333333334,
          "y" : 0.944
        }, {
          "x" : 0.4568888888888889,
          "y" : 0.944
        } ]
      }
    }, {
      "text" : "Scene",
      "confidence" : 0.9937629,
      "boundingPolygon" : {
        "normalizedVertices" : [ {
          "x" : 0.48933333333333334,
          "y" : 0.9226666666666666
        }, {
          "x" : 0.5711111111111111,
          "y" : 0.9226666666666666
        }, {
          "x" : 0.5711111111111111,
          "y" : 0.944
        }, {
          "x" : 0.48933333333333334,
          "y" : 0.944
        } ]
      }
    }, {
      "text" : "5",
      "confidence" : 0.9937629,
      "boundingPolygon" : {
        "normalizedVertices" : [ {
          "x" : 0.5711111111111111,
          "y" : 0.9226666666666666
        }, {
          "x" : 0.5884444444444444,
          "y" : 0.9226666666666666
        }, {
          "x" : 0.5884444444444444,
          "y" : 0.944
        }, {
          "x" : 0.5711111111111111,
          "y" : 0.944
        } ]
      }
    } ],
    "lines" : [ {
      "text" : "WILLIAM SHAKESPEARE",
      "confidence" : 0.9671632,
      "boundingPolygon" : {
        "normalizedVertices" : [ {
          "x" : 0.28,
          "y" : 0.06666666666666667
        }, {
          "x" : 0.7173333333333334,
          "y" : 0.06666666666666667
        }, {
          "x" : 0.7173333333333334,
          "y" : 0.09
        }, {
          "x" : 0.28,
          "y" : 0.09
        } ]
      },
      "wordIndexes" : [ 0, 1 ]
    }, {
      "text" : "Macbeth",
      "confidence" : 0.9991011,
      "boundingPolygon" : {
        "normalizedVertices" : [ {
          "x" : 0.41688888888888886,
          "y" : 0.11466666666666667
        }, {
          "x" : 0.5822222222222222,
          "y" : 0.11466666666666667
        }, {
          "x" : 0.5822222222222222,
          "y" : 0.14666666666666667
        }, {
          "x" : 0.41688888888888886,
          "y" : 0.14666666666666667
        } ]
      },
      "wordIndexes" : [ 2 ]
    }, {
      "text" : "Tomorrow, and tomorrow, and tomorrow,",
      "confidence" : 0.9930821,
      "boundingPolygon" : {
        "normalizedVertices" : [ {
          "x" : 0.10666666666666667,
          "y" : 0.21466666666666667
        }, {
          "x" : 0.8222222222222222,
          "y" : 0.216
        }, {
          "x" : 0.8213333333333334,
          "y" : 0.25
        }, {
          "x" : 0.10666666666666667,
          "y" : 0.248
        } ]
      },
      "wordIndexes" : [ 3, 4, 5, 6, 7 ]
    }, {
      "text" : "Creeps in this petty pace from day to day",
      "confidence" : 0.9678919,
      "boundingPolygon" : {
        "normalizedVertices" : [ {
          "x" : 0.10577777777777778,
          "y" : 0.276
        }, {
          "x" : 0.8186666666666667,
          "y" : 0.2786666666666667
        }, {
          "x" : 0.8177777777777778,
          "y" : 0.318
        }, {
          "x" : 0.10488888888888889,
          "y" : 0.31533333333333335
        } ]
      },
      "wordIndexes" : [ 8, 9, 10, 11, 12, 13, 14, 15, 16 ]
    }, {
      "text" : "To the last syllable of recorded time,",
      "confidence" : 0.9769221,
      "boundingPolygon" : {
        "normalizedVertices" : [ {
          "x" : 0.104,
          "y" : 0.3373333333333333
        }, {
          "x" : 0.7377777777777778,
          "y" : 0.3406666666666667
        }, {
          "x" : 0.7368888888888889,
          "y" : 0.378
        }, {
          "x" : 0.104,
          "y" : 0.37466666666666665
        } ]
      },
      "wordIndexes" : [ 17, 18, 19, 20, 21, 22, 23 ]
    }, {
      "text" : "And all our yesterdays have lighted fools",
      "confidence" : 0.9671749,
      "boundingPolygon" : {
        "normalizedVertices" : [ {
          "x" : 0.10666666666666667,
          "y" : 0.40066666666666667
        }, {
          "x" : 0.8071111111111111,
          "y" : 0.4026666666666667
        }, {
          "x" : 0.8062222222222222,
          "y" : 0.44
        }, {
          "x" : 0.10666666666666667,
          "y" : 0.438
        } ]
      },
      "wordIndexes" : [ 24, 25, 26, 27, 28, 29, 30 ]
    }, {
      "text" : "The way to dusty death. Out, out, brief candle!",
      "confidence" : 0.93044484,
      "boundingPolygon" : {
        "normalizedVertices" : [ {
          "x" : 0.10666666666666667,
          "y" : 0.4646666666666667
        }, {
          "x" : 0.9084444444444445,
          "y" : 0.4646666666666667
        }, {
          "x" : 0.9084444444444445,
          "y" : 0.5006666666666667
        }, {
          "x" : 0.10666666666666667,
          "y" : 0.5006666666666667
        } ]
      },
      "wordIndexes" : [ 31, 32, 33, 34, 35, 36, 37, 38, 39 ]
    }, {
      "text" : "Life's but a walking shadow, a poor player",
      "confidence" : 0.9852371,
      "boundingPolygon" : {
        "normalizedVertices" : [ {
          "x" : 0.10666666666666667,
          "y" : 0.526
        }, {
          "x" : 0.8257777777777778,
          "y" : 0.5306666666666666
        }, {
          "x" : 0.8248888888888889,
          "y" : 0.5653333333333334
        }, {
          "x" : 0.10666666666666667,
          "y" : 0.5606666666666666
        } ]
      },
      "wordIndexes" : [ 40, 41, 42, 43, 44, 45, 46, 47 ]
    }, {
      "text" : "That struts and frets his hour upon the stage",
      "confidence" : 0.97150856,
      "boundingPolygon" : {
        "normalizedVertices" : [ {
          "x" : 0.10311111111111111,
          "y" : 0.5873333333333334
        }, {
          "x" : 0.872,
          "y" : 0.5906666666666667
        }, {
          "x" : 0.8711111111111111,
          "y" : 0.6266666666666667
        }, {
          "x" : 0.10311111111111111,
          "y" : 0.624
        } ]
      },
      "wordIndexes" : [ 48, 49, 50, 51, 52, 53, 54, 55, 56 ]
    }, {
      "text" : "And then is heard no more: it is a tale",
      "confidence" : 0.9352269,
      "boundingPolygon" : {
        "normalizedVertices" : [ {
          "x" : 0.10844444444444444,
          "y" : 0.6526666666666666
        }, {
          "x" : 0.76,
          "y" : 0.6533333333333333
        }, {
          "x" : 0.76,
          "y" : 0.6833333333333333
        }, {
          "x" : 0.10844444444444444,
          "y" : 0.682
        } ]
      },
      "wordIndexes" : [ 57, 58, 59, 60, 61, 62, 63, 64, 65, 66 ]
    }, {
      "text" : "Told by an idiot, full of sound and fury,",
      "confidence" : 0.96550506,
      "boundingPolygon" : {
        "normalizedVertices" : [ {
          "x" : 0.10577777777777778,
          "y" : 0.7126666666666667
        }, {
          "x" : 0.7848888888888889,
          "y" : 0.7146666666666667
        }, {
          "x" : 0.7848888888888889,
          "y" : 0.752
        }, {
          "x" : 0.10488888888888889,
          "y" : 0.75
        } ]
      },
      "wordIndexes" : [ 67, 68, 69, 70, 71, 72, 73, 74, 75 ]
    }, {
      "text" : "Signifying nothing.",
      "confidence" : 0.95114017,
      "boundingPolygon" : {
        "normalizedVertices" : [ {
          "x" : 0.10666666666666667,
          "y" : 0.776
        }, {
          "x" : 0.4444444444444444,
          "y" : 0.778
        }, {
          "x" : 0.4444444444444444,
          "y" : 0.818
        }, {
          "x" : 0.10666666666666667,
          "y" : 0.816
        } ]
      },
      "wordIndexes" : [ 76, 77 ]
    }, {
      "text" : "Act 5, Scene 5",
      "confidence" : 0.9937629,
      "boundingPolygon" : {
        "normalizedVertices" : [ {
          "x" : 0.4097777777777778,
          "y" : 0.9226666666666666
        }, {
          "x" : 0.5893333333333334,
          "y" : 0.9226666666666666
        }, {
          "x" : 0.5893333333333334,
          "y" : 0.9446666666666667
        }, {
          "x" : 0.4097777777777778,
          "y" : 0.9446666666666667
        } ]
      },
      "wordIndexes" : [ 78, 79, 80, 81 ]
    } ],
    "tables" : null,
    "documentFields" : null
  } ],
  "detectedDocumentTypes" : null,
  "detectedLanguages" : null,
  "documentClassificationModelVersion" : null,
  "languageClassificationModelVersion" : null,
  "textExtractionModelVersion" : "1.13.39",
  "keyValueExtractionModelVersion" : null,
  "tableExtractionModelVersion" : null,
  "errors" : null,
  "searchablePdf" : null
}