{
	"orderId": 300121212,
        "orderNumber": "US164159",
	"orderStatus": "OPEN",
	"orderCreationDate": "2018-03-04T12:08:56",
	"ProcurementBusinessUnit": "US1 Business Unit",
	"BillingBusinessUnit": "US1 Business Unit",
	"RequisitioningBusinessUnit": "US1 Business Unit",
	"orderSupplierName": "Advanced Corp",
	"orderBuyerName": "Roth, Calvin",
        "orderedAmount": 32097.19,
	"totalTaxAmount": 32097.19,
	"totalAmount": 32097.19,
	"items": [
		    {
		    		"ItemId": 121212121212,
				"ItemDescription": "Standard Inkjet Printer",
		    		"ItemCategory": "Printers",
				"Currency": "USD",
				"Price": 20.50,
				"UnitOfMeasure": "Ea",
				"Quantity": 2000.00,
				"ShipToOrganizationName": "001",
				"ShipToLocationName": "Seattle",
				"POChargeAccount": "101.10.65110.110.000.000"
			},
			{
				"ItemId": 121212121212,
		    		"ItemDescription": "Cartridges",
		    		"ItemCategory": "Miscellaneous",
				"Currency": "USD",
				"Price": 5.00,
				"UnitOfMeasure": "Ea",
				"Quantity": 2000.00,
				"ShipToOrganizationName": "001",
				"ShipToLocationName": "Seattle",
				"POChargeAccount": "101.10.65110.110.000.000"
			}
		]
}	