<?xml version="1.0" encoding="UTF-8" standalone="no"?>
<LoganContent xmlns="http://www.oracle.com/DataCenter/LogAnalyticsStd" content_version="3.114.1.0.0" name="content_cislogmonvcn" oms_version="3.114.1.0.0">
   <Field oms_version="3.114.1.0.0">
      <DisplayName>Display Name</DisplayName>
      <FieldType>1</FieldType>
      <IsSystem>0</IsSystem>
      <IsPrimary>1</IsPrimary>
      <DataType>STRING</DataType>
      <IsMetricKeyEligible>0</IsMetricKeyEligible>
      <IsMetricValueEligible>0</IsMetricValueEligible>
      <FacetEligible>1</FacetEligible>
      <RangeFacetEligible>0</RangeFacetEligible>
      <TableEligible>1</TableEligible>
      <FacetPriority>1</FacetPriority>
      <Summarizable>1</Summarizable>
      <HighCardinality>1</HighCardinality>
      <LargeData>0</LargeData>
      <MultiValued>0</MultiValued>
      <SMAEnabledSetting>0</SMAEnabledSetting>
   </Field>
   <Field oms_version="3.114.1.0.0">
      <DisplayName>Date Created</DisplayName>
      <FieldType>1</FieldType>
      <IsSystem>0</IsSystem>
      <IsPrimary>1</IsPrimary>
      <DataType>TIMESTAMP</DataType>
      <IsMetricKeyEligible>0</IsMetricKeyEligible>
      <IsMetricValueEligible>0</IsMetricValueEligible>
      <FacetEligible>1</FacetEligible>
      <RangeFacetEligible>0</RangeFacetEligible>
      <TableEligible>1</TableEligible>
      <FacetPriority>1</FacetPriority>
      <Summarizable>1</Summarizable>
      <HighCardinality>1</HighCardinality>
      <LargeData>0</LargeData>
      <MultiValued>0</MultiValued>
      <SMAEnabledSetting>0</SMAEnabledSetting>
   </Field>
   <Field oms_version="3.114.1.0.0">
      <DisplayName>VCN_ID</DisplayName>
      <FieldType>1</FieldType>
      <IsSystem>0</IsSystem>
      <IsPrimary>1</IsPrimary>
      <DataType>STRING</DataType>
      <IsMetricKeyEligible>0</IsMetricKeyEligible>
      <IsMetricValueEligible>0</IsMetricValueEligible>
      <FacetEligible>1</FacetEligible>
      <RangeFacetEligible>0</RangeFacetEligible>
      <TableEligible>1</TableEligible>
      <FacetPriority>1</FacetPriority>
      <Summarizable>1</Summarizable>
      <HighCardinality>1</HighCardinality>
      <LargeData>0</LargeData>
      <MultiValued>0</MultiValued>
      <SMAEnabledSetting>0</SMAEnabledSetting>
   </Field>
   <Field oms_version="3.114.1.0.0">
      <DisplayName>Defined_Tags</DisplayName>
      <FieldType>1</FieldType>
      <IsSystem>0</IsSystem>
      <IsPrimary>1</IsPrimary>
      <DataType>STRING</DataType>
      <IsMetricKeyEligible>0</IsMetricKeyEligible>
      <IsMetricValueEligible>0</IsMetricValueEligible>
      <FacetEligible>1</FacetEligible>
      <RangeFacetEligible>0</RangeFacetEligible>
      <TableEligible>1</TableEligible>
      <FacetPriority>1</FacetPriority>
      <Summarizable>1</Summarizable>
      <HighCardinality>1</HighCardinality>
      <LargeData>0</LargeData>
      <MultiValued>1</MultiValued>
      <SMAEnabledSetting>0</SMAEnabledSetting>
   </Field>
   <Field oms_version="3.114.1.0.0">
      <DisplayName>Freeform_tags</DisplayName>
      <FieldType>1</FieldType>
      <IsSystem>0</IsSystem>
      <IsPrimary>1</IsPrimary>
      <DataType>STRING</DataType>
      <IsMetricKeyEligible>0</IsMetricKeyEligible>
      <IsMetricValueEligible>0</IsMetricValueEligible>
      <FacetEligible>1</FacetEligible>
      <RangeFacetEligible>0</RangeFacetEligible>
      <TableEligible>1</TableEligible>
      <FacetPriority>1</FacetPriority>
      <Summarizable>1</Summarizable>
      <HighCardinality>1</HighCardinality>
      <LargeData>0</LargeData>
      <MultiValued>1</MultiValued>
      <SMAEnabledSetting>0</SMAEnabledSetting>
   </Field>
   <Parser oms_version="3.114.1.0.0" tokenize_orig_text="1" type="4">
      <Name>cis_loggingmonitoring_vcnlogs</Name>
      <DisplayName>cis_loggingmonitoring_vcnlogs</DisplayName>
      <IsSingleLineContent>1</IsSingleLineContent>
      <HeaderContent>id,availability_domain,cidr_block,compartment_id,dhcp_options_id,display_name,deep_link,dns_label,ipv6_cidr_block,ipv6_virtual_router_ip,lifecycle_state,prohibit_public_ip_on_vnic,route_table_id,security_list_ids,subnet_domain_name,time_created,vcn_id,virtual_router_ip,virtual_router_mac,freeform_tags,define_tags,region,notes,extract_date</HeaderContent>
      <ExampleContent>ocid1.subnet.oc1.a,,x.x.x.x/26,ocid1.compartment.oc,ocid1.dhcpopti,subnet2,"=HYPERLINK(""https://cloud.oracle.com/networking/vcns/ocid1.vcn.oc1.eu-frankfurt-1.amata/subnets/oci1"",""subnet2"")",subnet2,,,AVAILABLE,True,ocid1.routetable.oc1.eu-frankfurt-1.x,['ocid1.securitylist.oc1.eu-frankfurt-1.aaxx'],subnet2,2025-06-30T19:19:07,ocid1.vcn.oc1.eu-frankfu,x.1x.x.x,00:00:xx:xx:xx:xx,{},"{'CCA_Basic_Tag': {'email': 'test'}, 'Oracle-Standard': {'CostCenter': 'x'}, 'Oracle_Tags': {'CreatedBy': 'test', 'CreatedOn': '2025-06-30T19:19:06.939Z'}}",eu-frankfurt-1,,2024-07-15T11:05:34</ExampleContent>
      <IsSystem>0</IsSystem>
      <Encoding>UTF-8</Encoding>
      <Language>en_US</Language>
      <ParserFields>
         <ParserField>
            <FieldSeq>6</FieldSeq>
            <FieldName>udfs56</FieldName>
         </ParserField>
         <ParserField>
            <FieldSeq>4</FieldSeq>
            <FieldName>compartmentid</FieldName>
         </ParserField>
         <ParserField>
            <FieldSeq>21</FieldSeq>
            <FieldName>udfsm4</FieldName>
         </ParserField>
         <ParserField>
            <FieldSeq>24</FieldSeq>
            <FieldName>time</FieldName>
         </ParserField>
         <ParserField>
            <FieldSeq>1</FieldSeq>
            <FieldName>ident</FieldName>
         </ParserField>
         <ParserField>
            <FieldSeq>2</FieldSeq>
            <FieldName>availdomain</FieldName>
         </ParserField>
         <ParserField>
            <FieldSeq>22</FieldSeq>
            <FieldName>region</FieldName>
         </ParserField>
         <ParserField>
            <FieldSeq>17</FieldSeq>
            <FieldName>udfs126</FieldName>
         </ParserField>
         <ParserField>
            <FieldSeq>20</FieldSeq>
            <FieldName>udfsm5</FieldName>
         </ParserField>
         <ParserField>
            <FieldSeq>11</FieldSeq>
            <FieldName>statecurr</FieldName>
         </ParserField>
         <ParserField>
            <FieldSeq>16</FieldSeq>
            <FieldName>udfd3</FieldName>
         </ParserField>
      </ParserFields>
      <WrittenOnce>0</WrittenOnce>
      <IsDefaultParser>1</IsDefaultParser>
      <FieldDelimiter>,</FieldDelimiter>
      <FieldQualifier>"</FieldQualifier>
   </Parser>
   <Source configWarningSettings="0" name="CISLoggingMonitoringVCNLogs" oms_version="3.114.1.0.0">
      <SourceType>os_file</SourceType>
      <TargetTypes>
         <TargetType>omc_host_linux</TargetType>
      </TargetTypes>
      <DisplayName>CISLoggingMonitoringVCNLogs</DisplayName>
      <IsSystem>0</IsSystem>
      <IsSecureContent>1</IsSecureContent>
      <Parsers>
         <Parser>
            <ParserSeq>1</ParserSeq>
            <ParserName>cis_loggingmonitoring_vcnlogs</ParserName>
         </Parser>
      </Parsers>
      <IsHidden>0</IsHidden>
      <IsSMAEnabled>0</IsSMAEnabled>
   </Source>
   <FieldNameMaps>
      <FieldNameMap>
         <Name>udfs56</Name>
         <DisplayName>Display Name</DisplayName>
      </FieldNameMap>
      <FieldNameMap>
         <Name>udfd3</Name>
         <DisplayName>Date Created</DisplayName>
      </FieldNameMap>
      <FieldNameMap>
         <Name>udfs126</Name>
         <DisplayName>VCN_ID</DisplayName>
      </FieldNameMap>
      <FieldNameMap>
         <Name>udfsm4</Name>
         <DisplayName>Defined_Tags</DisplayName>
      </FieldNameMap>
      <FieldNameMap>
         <Name>udfsm5</Name>
         <DisplayName>Freeform_tags</DisplayName>
      </FieldNameMap>
   </FieldNameMaps>
</LoganContent>
