{
  "type" : "USER",
  "autoCompleteTrainingStatus" : "NO_DATA",
  "category" : "null",
  "description" : "Concierge FAQ Template (EMEA)\nDO NOT TOUCH\nmaurits.dijkens@oracle.com",
  "dialogVersion" : "2.0",
  "displayName" : "Concierge_Template",
  "intentTrainer" : "Tamao",
  "multilingualMode" : "NATIVE",
  "name" : "Concierge_Template",
  "platformVersion" : "23.04",
  "primaryLanguageTag" : "en",
  "requiresAutoCompleteTraining" : false,
  "trackingId" : "02124996-E6E0-4130-9A7C-94809E955827",
  "version" : "23.04"
}