<?xml version="1.0" encoding="UTF-8" standalone="no"?>
<LoganContent xmlns="http://www.oracle.com/DataCenter/LogAnalyticsStd" content_version="3.114.1.0.0" name="content_cislogmoncmk" oms_version="3.114.1.0.0">
   <Field oms_version="3.114.1.0.0">
      <DisplayName>Display Name</DisplayName>
      <FieldType>1</FieldType>
      <IsSystem>0</IsSystem>
      <IsPrimary>1</IsPrimary>
      <DataType>STRING</DataType>
      <IsMetricKeyEligible>0</IsMetricKeyEligible>
      <IsMetricValueEligible>0</IsMetricValueEligible>
      <FacetEligible>1</FacetEligible>
      <RangeFacetEligible>0</RangeFacetEligible>
      <TableEligible>1</TableEligible>
      <FacetPriority>1</FacetPriority>
      <Summarizable>1</Summarizable>
      <HighCardinality>1</HighCardinality>
      <LargeData>0</LargeData>
      <MultiValued>0</MultiValued>
      <SMAEnabledSetting>0</SMAEnabledSetting>
   </Field>
   <Field oms_version="3.114.1.0.0">
      <DisplayName>Date Created</DisplayName>
      <FieldType>1</FieldType>
      <IsSystem>0</IsSystem>
      <IsPrimary>1</IsPrimary>
      <DataType>TIMESTAMP</DataType>
      <IsMetricKeyEligible>0</IsMetricKeyEligible>
      <IsMetricValueEligible>0</IsMetricValueEligible>
      <FacetEligible>1</FacetEligible>
      <RangeFacetEligible>0</RangeFacetEligible>
      <TableEligible>1</TableEligible>
      <FacetPriority>1</FacetPriority>
      <Summarizable>1</Summarizable>
      <HighCardinality>1</HighCardinality>
      <LargeData>0</LargeData>
      <MultiValued>0</MultiValued>
      <SMAEnabledSetting>0</SMAEnabledSetting>
   </Field>
   <Field oms_version="3.114.1.0.0">
      <DisplayName>Defined_Tags</DisplayName>
      <FieldType>1</FieldType>
      <IsSystem>0</IsSystem>
      <IsPrimary>1</IsPrimary>
      <DataType>STRING</DataType>
      <IsMetricKeyEligible>0</IsMetricKeyEligible>
      <IsMetricValueEligible>0</IsMetricValueEligible>
      <FacetEligible>1</FacetEligible>
      <RangeFacetEligible>0</RangeFacetEligible>
      <TableEligible>1</TableEligible>
      <FacetPriority>1</FacetPriority>
      <Summarizable>1</Summarizable>
      <HighCardinality>1</HighCardinality>
      <LargeData>0</LargeData>
      <MultiValued>1</MultiValued>
      <SMAEnabledSetting>0</SMAEnabledSetting>
   </Field>
   <Field oms_version="3.114.1.0.0">
      <DisplayName>Freeform_tags</DisplayName>
      <FieldType>1</FieldType>
      <IsSystem>0</IsSystem>
      <IsPrimary>1</IsPrimary>
      <DataType>STRING</DataType>
      <IsMetricKeyEligible>0</IsMetricKeyEligible>
      <IsMetricValueEligible>0</IsMetricValueEligible>
      <FacetEligible>1</FacetEligible>
      <RangeFacetEligible>0</RangeFacetEligible>
      <TableEligible>1</TableEligible>
      <FacetPriority>1</FacetPriority>
      <Summarizable>1</Summarizable>
      <HighCardinality>1</HighCardinality>
      <LargeData>0</LargeData>
      <MultiValued>1</MultiValued>
      <SMAEnabledSetting>0</SMAEnabledSetting>
   </Field>
   <Parser oms_version="3.114.1.0.0" tokenize_orig_text="1" type="4">
      <Name>cis_loggingmonitoring_cmk</Name>
      <DisplayName>cis_loggingmonitoring_cmk</DisplayName>
      <IsSingleLineContent>1</IsSingleLineContent>
      <HeaderContent>resource_type,identifier,compartment_id,time_created,display_name,availability_domain,lifecycle_state,freeform_tags,defined_tags,system_tags,search_context,identity_context,additional_details,deep_link,currentKeyVersion_time_created,extract_date</HeaderContent>
      <ExampleContent>Key,ocid1.keyxxxx,ocid1.comxxx,2024-12-21T20:00:25.081000+00:00,my-key-1,,ENABLED,{},{},{},,{},"{'vaultId': 'ocid1.vault.xx', 'currentKeyVersion': 'ocid1.keyverxxx', 'keyShape': {'length': 32, 'algorithm': 'Aes'}}",https://cloud.oracle.com/ts/ocid1.vault.xx,,2025-07-15T11:05:34
Key,ocid1.keyxxxx,ocid1.comxxx,2024-12-21T20:00:25.081000+00:00,my-key-1,,ENABLED,{},{},{},,{},"{'vaultId': 'ocid1.vault.xx', 'currentKeyVersion': 'ocid1.keyverxxx', 'keyShape': {'length': 32, 'algorithm': 'Aes'}}",https://cloud.oracle.com/ts/ocid1.vault.xx,2024-07-08T12:08:03,2025-07-15T11:05:34</ExampleContent>
      <IsSystem>0</IsSystem>
      <Encoding>UTF-8</Encoding>
      <Language>en_US</Language>
      <ParserFields>
         <ParserField>
            <FieldSeq>6</FieldSeq>
            <FieldName>availdomain</FieldName>
         </ParserField>
         <ParserField>
            <FieldSeq>9</FieldSeq>
            <FieldName>udfsm4</FieldName>
         </ParserField>
         <ParserField>
            <FieldSeq>7</FieldSeq>
            <FieldName>statecurr</FieldName>
         </ParserField>
         <ParserField>
            <FieldSeq>15</FieldSeq>
            <FieldName>updatetime</FieldName>
         </ParserField>
         <ParserField>
            <FieldSeq>8</FieldSeq>
            <FieldName>udfsm5</FieldName>
         </ParserField>
         <ParserField>
            <FieldSeq>5</FieldSeq>
            <FieldName>udfs56</FieldName>
         </ParserField>
         <ParserField>
            <FieldSeq>1</FieldSeq>
            <FieldName>rsrctype</FieldName>
         </ParserField>
         <ParserField>
            <FieldSeq>4</FieldSeq>
            <FieldName>udfd3</FieldName>
         </ParserField>
         <ParserField>
            <FieldSeq>2</FieldSeq>
            <FieldName>ident</FieldName>
         </ParserField>
         <ParserField>
            <FieldSeq>16</FieldSeq>
            <FieldName>time</FieldName>
         </ParserField>
         <ParserField>
            <FieldSeq>3</FieldSeq>
            <FieldName>compartmentid</FieldName>
         </ParserField>
      </ParserFields>
      <WrittenOnce>0</WrittenOnce>
      <IsDefaultParser>1</IsDefaultParser>
      <FieldDelimiter>,</FieldDelimiter>
      <FieldQualifier>"</FieldQualifier>
   </Parser>
   <Source configWarningSettings="0" name="CISLoggingMonitoringCMK" oms_version="3.114.1.0.0">
      <SourceType>os_file</SourceType>
      <TargetTypes>
         <TargetType>omc_host_linux</TargetType>
      </TargetTypes>
      <DisplayName>CISLoggingMonitoringCMK</DisplayName>
      <IsSystem>0</IsSystem>
      <IsSecureContent>1</IsSecureContent>
      <Parsers>
         <Parser>
            <ParserSeq>1</ParserSeq>
            <ParserName>cis_loggingmonitoring_cmk</ParserName>
         </Parser>
      </Parsers>
      <IsHidden>0</IsHidden>
      <IsSMAEnabled>0</IsSMAEnabled>
   </Source>
   <FieldNameMaps>
      <FieldNameMap>
         <Name>udfs56</Name>
         <DisplayName>Display Name</DisplayName>
      </FieldNameMap>
      <FieldNameMap>
         <Name>udfd3</Name>
         <DisplayName>Date Created</DisplayName>
      </FieldNameMap>
      <FieldNameMap>
         <Name>udfsm4</Name>
         <DisplayName>Defined_Tags</DisplayName>
      </FieldNameMap>
      <FieldNameMap>
         <Name>udfsm5</Name>
         <DisplayName>Freeform_tags</DisplayName>
      </FieldNameMap>
   </FieldNameMaps>
</LoganContent>
