{
  "title": "main",
  "description": "",
  "variables": {
    "VisionDetails": {
      "type": "ImageType"
    }
  },
  "metadata": {},
  "types": {
    "ImageType": {
      "ImageDetails": "string"
    }
  },
  "eventListeners": {
    "filePickerSelect": {
      "chains": [
        {
          "chainId": "SelectFile"
        }
      ]
    },
    "toggleDrawer": {
      "chains": [
        {
          "chain": "application:toggleDrawerHandler"
        }
      ]
    }

  },
  "imports": {
    "components": {
      "oj-avatar": {
        "path": "ojs/ojavatar"
      },
      "oj-button": {
        "path": "ojs/ojbutton"
      },
      "oj-file-picker": {
        "path": "ojs/ojfilepicker"
      },
      "oj-form-layout": {
        "path": "ojs/ojformlayout"
      },
      "oj-input-text": {
        "path": "ojs/ojinputtext"
      }
    }
  }
}